"Data generated on Friday, December 23, 2022 at 1:07:23 PM EST"
Area/Partners of Destination,,,,,January - December
And Commodities Exported,,,,,Cumulative To Date Values in Thousands of dollars
,,,,,,,2017,2018,2019,2020,2021,Jan - Oct 2021,Jan - Oct 2022,,
,U.S. Custom Districts,,Partner,,HS Code,Product,Value,Value,Value,Value,Value,Value,Value,Period/Period %  Change (Value),Reporter Code,Partner Code,Product Code,
"1","NOGALES, ARIZ.","1","Mexico","1","","Horticultural Products","468,499","479,234","498,922","495,194","612,329","512,911","493,984","-4","26","MX","0400GR",
"1","NOGALES, ARIZ.","1","Mexico","1.1","","Fruits and Preparations","401,036","414,704","405,723","361,298","452,115","376,993","328,433","-13","26","MX","0700AG",
"1","NOGALES, ARIZ.","1","Mexico","1.1.1","","Fresh Fruits, Decidi","372,899","382,091","370,534","319,107","389,918","319,791","294,995","-8","26","MX","0705AT",
"1","NOGALES, ARIZ.","1","Mexico","1.1.1.1","0808100050","APPLES FRESH","165,597","201,139","137,488","128,901","167,297","142,323","123,396","-13","26","MX","0808100050",
"1","NOGALES, ARIZ.","1","Mexico","1.1.1.2","0806100050","GRAPES FRESH","67,101","55,014","54,472","79,206","64,726","42,581","57,963","36","26","MX","0806100050",
"1","NOGALES, ARIZ.","1","Mexico","1.1.1.3","0808300050","PEARS, FRESH","43,832","53,286","51,846","36,471","37,541","30,967","25,483","-18","26","MX","0808300050",
"1","NOGALES, ARIZ.","1","Mexico","1.1.1.4","0808100010","ORG APPLES FRESH","45,293","12,179","56,190","36,923","35,917","30,544","32,516","6","26","MX","0808100010",
"1","NOGALES, ARIZ.","1","Mexico","1.1.1.5","0809309000","PEACH,NCTR NESOI","13,548","17,689","14,972","13,804","25,959","25,959","21,849","-16","26","MX","0809309000",
"1","NOGALES, ARIZ.","1","Mexico","1.1.1.6","0806100010","ORG GRAPES FRESH","6,324","11,740","22,295","7,649","19,567","10,609","9,609","-9","26","MX","0806100010",
"1","NOGALES, ARIZ.","1","Mexico","1.1.1.7","0809301000","ORG PEACH,NCTR","8,625","8,999","9,595","1,405","13,071","13,034","6,644","-49","26","MX","0809301000",
"1","NOGALES, ARIZ.","1","Mexico","1.1.1.8","0808300010","ORG PEARS","8,264","7,393","12,256","8,226","9,115","7,518","10,345","38","26","MX","0808300010",
"1","NOGALES, ARIZ.","1","Mexico","1.1.1.9","0809290050","CHER N/SR FR","4,099","4,002","2,206","2,238","8,296","8,296","3,359","-60","26","MX","0809290050",
"1","NOGALES, ARIZ.","1","Mexico","1.1.1.10","0809400000","PLUMS,PRUNE,SL,F","5,838","7,516","5,859","2,541","4,431","3,962","2,298","-42","26","MX","0809400000",
"1","NOGALES, ARIZ.","1","Mexico","1.1.1.11","0809290010","ORG CHER N/SR FR","816","246","924","115","1,706","1,706","556","-67","26","MX","0809290010",
"1","NOGALES, ARIZ.","1","Mexico","1.1.1.12","0809100000","APRICOTS, FRESH","2,675","1,596","1,004","976","1,519","1,519","681","-55","26","MX","0809100000",
"1","NOGALES, ARIZ.","1","Mexico","1.1.1.13","0809210000","SOUR CHERRY, FR","887","1,290","1,428","636","773","773","297","-62","26","MX","0809210000",
"1","NOGALES, ARIZ.","1","Mexico","1.1.1.14","0808400000","QUINCES, FRESH","0","0","0","16","0","0","0","","26","MX","0808400000",
"1","NOGALES, ARIZ.","1","Mexico","1.1.2","","Fruit, Dried","1,149","1,662","16,120","27,770","45,511","42,469","16,792","-60","26","MX","0735AT",
"1","NOGALES, ARIZ.","1","Mexico","1.1.2.1","0804100000","DATES,FRSH/DRIED","984","1,662","14,693","25,542","44,497","41,742","12,395","-70","26","MX","0804100000",
"1","NOGALES, ARIZ.","1","Mexico","1.1.2.2","0806200000","GRAPE DR,RAISINS","68","0","752","895","891","690","558","-19","26","MX","0806200000",
"1","NOGALES, ARIZ.","1","Mexico","1.1.2.3","0813200000","PRUNES, DRIED","26","0","0","679","85","0","3,839","","26","MX","0813200000",
"1","NOGALES, ARIZ.","1","Mexico","1.1.2.4","0813300000","APPLES, DRIED","0","0","675","654","37","37","0","","26","MX","0813300000",
"1","NOGALES, ARIZ.","1","Mexico","1.1.2.5","0804200000","FIGS,FRESH/DRIED","71","0","0","0","0","0","0","","26","MX","0804200000",
"1","NOGALES, ARIZ.","1","Mexico","1.1.3","","Fresh Fruit, Other","22,455","26,269","14,305","10,869","11,624","9,710","9,973","3","26","MX","0710AT",
"1","NOGALES, ARIZ.","1","Mexico","1.1.3.1","0810500000","KIWIFRUIT,FRESH","7,516","6,120","7,174","4,670","4,704","3,494","2,726","-22","26","MX","0810500000",
"1","NOGALES, ARIZ.","1","Mexico","1.1.3.2","0810100050","STRAWBERRIES FR","8,263","13,530","3,276","3,506","4,404","4,404","5,459","24","26","MX","0810100050",
"1","NOGALES, ARIZ.","1","Mexico","1.1.3.3","0810100010","ORG STRAWBERS FR","3,438","2,844","2,211","1,086","785","785","717","-9","26","MX","0810100010",
"1","NOGALES, ARIZ.","1","Mexico","1.1.3.4","0810400029","CULT BLUEBERS FR","840","935","289","325","701","701","432","-38","26","MX","0810400029",
"1","NOGALES, ARIZ.","1","Mexico","1.1.3.5","0810904500","FRUITS, FRS, NES","115","313","254","553","497","96","339","255","26","MX","0810904500",
"1","NOGALES, ARIZ.","1","Mexico","1.1.3.6","0810700000","PERSIMMON, FRESH","335","534","453","408","242","8","62","719","26","MX","0810700000",
"1","NOGALES, ARIZ.","1","Mexico","1.1.3.7","0810205000","BERRIES NESOI","1,355","1,409","61","135","139","139","0","","26","MX","0810205000",
"1","NOGALES, ARIZ.","1","Mexico","1.1.3.8","0810400050","CRANBERRY,NES,FR","57","70","64","61","96","60","0","","26","MX","0810400050",
"1","NOGALES, ARIZ.","1","Mexico","1.1.3.9","0810902700","OTR FR BER,TAM","65","20","0","13","57","24","27","15","26","MX","0810902700",
"1","NOGALES, ARIZ.","1","Mexico","1.1.3.10","0803100000","PLANTAINS, F/D","61","0","0","0","0","0","0","","26","MX","0803100000",
"1","NOGALES, ARIZ.","1","Mexico","1.1.3.11","0804300000","PINEAPPLES,FR/DR","9","0","0","0","0","0","0","","26","MX","0804300000",
"1","NOGALES, ARIZ.","1","Mexico","1.1.3.12","0804400000","AVOCADOS,FR/DRD","0","0","4","0","0","0","0","","26","MX","0804400000",
"1","NOGALES, ARIZ.","1","Mexico","1.1.3.13","0804500000","GV,MNG,MNGST F/D","0","95","296","112","0","0","0","","26","MX","0804500000",
"1","NOGALES, ARIZ.","1","Mexico","1.1.3.14","0810202000","ORG BERRIES","137","36","0","0","0","0","0","","26","MX","0810202000",
"1","NOGALES, ARIZ.","1","Mexico","1.1.3.15","0810400024","FRSH WILD BLUEBR","263","354","30","0","0","0","208","","26","MX","0810400024",
"1","NOGALES, ARIZ.","1","Mexico","1.1.3.16","0810400026","ORG CULT BLUEBER","0","11","193","0","0","0","0","","26","MX","0810400026",
"1","NOGALES, ARIZ.","1","Mexico","1.1.3.17","0810600000","DURIANS, FRESH","0","0","0","0","0","0","4","","26","MX","0810600000",
"1","NOGALES, ARIZ.","1","Mexico","1.1.4","","Fresh Melons","2,719","3,155","3,086","1,482","2,887","2,887","3,147","9","26","MX","0715AT",
"1","NOGALES, ARIZ.","1","Mexico","1.1.4.1","0807191500","CANTALOUPES,FRSH","2,094","2,394","2,575","1,344","2,671","2,671","2,536","-5","26","MX","0807191500",
"1","NOGALES, ARIZ.","1","Mexico","1.1.4.2","0807199000","MELON,NESOI,FRSH","562","741","477","128","137","137","611","346","26","MX","0807199000",
"1","NOGALES, ARIZ.","1","Mexico","1.1.4.3","0807111000","ORG WATERMELON","16","19","24","10","79","79","0","","26","MX","0807111000",
"1","NOGALES, ARIZ.","1","Mexico","1.1.4.4","0807119000","WATERMELON NESOI","47","0","10","0","0","0","0","","26","MX","0807119000",
"1","NOGALES, ARIZ.","1","Mexico","1.1.5","","Fresh Fruits, Citrus","778","617","970","855","1,464","1,464","2,197","50","26","MX","0701AT",
"1","NOGALES, ARIZ.","1","Mexico","1.1.5.1","0805210090","MAND FR DR NESOI","68","76","396","199","646","646","875","36","26","MX","0805210090",
"1","NOGALES, ARIZ.","1","Mexico","1.1.5.2","0805502050","LEMONS FR/D","212","222","199","144","408","408","691","69","26","MX","0805502050",
"1","NOGALES, ARIZ.","1","Mexico","1.1.5.3","0805100065","ORANGES NES FR/D","376","285","336","386","374","374","486","30","26","MX","0805100065",
"1","NOGALES, ARIZ.","1","Mexico","1.1.5.4","0805210010","TANGERINES,FRESH","63","0","0","0","29","29","0","","26","MX","0805210010",
"1","NOGALES, ARIZ.","1","Mexico","1.1.5.5","0805100020","TEMPLES, FRESH","42","22","26","126","7","7","72","892","26","MX","0805100020",
"1","NOGALES, ARIZ.","1","Mexico","1.1.5.6","0805100045","ORG ORANGES FR/D","0","0","0","0","0","0","5","","26","MX","0805100045",
"1","NOGALES, ARIZ.","1","Mexico","1.1.5.7","0805220000","CLEM FR DR NESOI","0","0","14","0","0","0","0","","26","MX","0805220000",
"1","NOGALES, ARIZ.","1","Mexico","1.1.5.8","0805290000","WILK FR DR NESOI","7","0","0","0","0","0","0","","26","MX","0805290000",
"1","NOGALES, ARIZ.","1","Mexico","1.1.5.9","0805400010","ORG GRAPEFRUIT","10","6","0","0","0","0","6","","26","MX","0805400010",
"1","NOGALES, ARIZ.","1","Mexico","1.1.5.10","0805400050","GRAPEFRUIT,FRESH","0","5","0","0","0","0","0","","26","MX","0805400050",
"1","NOGALES, ARIZ.","1","Mexico","1.1.5.11","0805505090","LIMES, FD","0","0","0","0","0","0","62","","26","MX","0805505090",
"1","NOGALES, ARIZ.","1","Mexico","1.1.6","","Fruit, Prep, Misc","54","36","106","1,052","492","471","792","68","26","MX","0730AT",
"1","NOGALES, ARIZ.","1","Mexico","1.1.6.1","2008997552","FT/ED,PL/PT,P/PS","10","24","70","896","415","402","752","87","26","MX","2008997552",
"1","NOGALES, ARIZ.","1","Mexico","1.1.6.2","1106300000","FLOUR,MEAL,POWDR","11","9","21","9","34","34","0","","26","MX","1106300000",
"1","NOGALES, ARIZ.","1","Mexico","1.1.6.3","2006005550","FR/NUT/FR-PEEL,P","32","0","0","0","21","13","33","157","26","MX","2006005550",
"1","NOGALES, ARIZ.","1","Mexico","1.1.6.4","2007998000","FR.NUT PASTE/PUR","0","0","0","78","16","16","0","","26","MX","2007998000",
"1","NOGALES, ARIZ.","1","Mexico","1.1.6.5","2007999000","JAM/FR JELLY/MAR","0","3","16","0","7","7","7","-5","26","MX","2007999000",
"1","NOGALES, ARIZ.","1","Mexico","1.1.6.6","2007100010","HMGNZED ORG PR","0","0","0","19","0","0","0","","26","MX","2007100010",
"1","NOGALES, ARIZ.","1","Mexico","1.1.6.7","2007911000","CT FRT PSTS/PURE","0","0","0","19","0","0","0","","26","MX","2007911000",
"1","NOGALES, ARIZ.","1","Mexico","1.1.6.8","2008972550","FRT MIX,P.CEREAL","0","0","0","31","0","0","0","","26","MX","2008972550",
"1","NOGALES, ARIZ.","1","Mexico","1.1.7","","Fruit, Processed","408","569","515","139","148","138","465","237","26","MX","0725AT",
"1","NOGALES, ARIZ.","1","Mexico","1.1.7.1","2008600060","CHERRY,TRT,PR,PS","0","6","4","13","58","52","46","-11","26","MX","2008600060",
"1","NOGALES, ARIZ.","1","Mexico","1.1.7.2","2008930000","CRANBERY PRP/PRS","13","11","0","49","37","37","339","817","26","MX","2008930000",
"1","NOGALES, ARIZ.","1","Mexico","1.1.7.3","2008800000","STRAWBERRY,PR/PS","18","34","8","8","19","15","0","","26","MX","2008800000",
"1","NOGALES, ARIZ.","1","Mexico","1.1.7.4","2008974000","FRT MIX,P.PS,OTH","0","4","3","0","15","15","63","311","26","MX","2008974000",
"1","NOGALES, ARIZ.","1","Mexico","1.1.7.5","2008200000","PINEAPPLES,PR,PS","3","0","0","0","10","10","0","","26","MX","2008200000",
"1","NOGALES, ARIZ.","1","Mexico","1.1.7.6","2008500000","APRICOT,PREP,PRS","0","0","0","0","4","4","0","","26","MX","2008500000",
"1","NOGALES, ARIZ.","1","Mexico","1.1.7.7","2008600020","CHRY,MRSNG,PR,PS","374","494","490","66","3","3","3","19","26","MX","2008600020",
"1","NOGALES, ARIZ.","1","Mexico","1.1.7.8","2008600040","CHERRY,SWT,PR,PS","0","15","10","0","3","3","8","208","26","MX","2008600040",
"1","NOGALES, ARIZ.","1","Mexico","1.1.7.9","0812100000","CHERRY,INED,PRES","0","6","0","0","0","0","0","","26","MX","0812100000",
"1","NOGALES, ARIZ.","1","Mexico","1.1.7.10","2008309000","CTR FR,ETC,PR,PS","0","0","0","0","0","0","6","","26","MX","2008309000",
"1","NOGALES, ARIZ.","1","Mexico","1.1.7.11","2008991810","CAN WILD BLUEBRY","0","0","0","3","0","0","0","","26","MX","2008991810",
"1","NOGALES, ARIZ.","1","Mexico","1.1.8","","Fruit Juices","520","246","53","23","60","51","30","-42","26","MX","0740AT",
"1","NOGALES, ARIZ.","1","Mexico","1.1.8.1","2202993600","OT FORT JUC NCON","36","30","37","20","33","27","0","","26","MX","2202993600",
"1","NOGALES, ARIZ.","1","Mexico","1.1.8.2","2202993700","JUICE MIXTURES","113","165","7","0","17","17","25","42","26","MX","2202993700",
"1","NOGALES, ARIZ.","1","Mexico","1.1.8.3","2106905400","MIX JC CONC FORT","0","0","3","3","6","3","0","","26","MX","2106905400",
"1","NOGALES, ARIZ.","1","Mexico","1.1.8.4","2009899000","JUICE,NES,UNFRM","188","39","0","0","3","3","0","","26","MX","2009899000",
"1","NOGALES, ARIZ.","1","Mexico","1.1.8.5","2009120000","OR J N/FZ BX<=20","0","0","3","0","0","0","0","","26","MX","2009120000",
"1","NOGALES, ARIZ.","1","Mexico","1.1.8.6","2009414000","PIN JU BX<=20 NS","0","0","3","0","0","0","0","","26","MX","2009414000",
"1","NOGALES, ARIZ.","1","Mexico","1.1.8.7","2009690000","GRAPE JU, NES","154","0","0","0","0","0","0","","26","MX","2009690000",
"1","NOGALES, ARIZ.","1","Mexico","1.1.8.8","2009899100","JUICE,NES,UNFRM","0","0","0","0","0","0","5","","26","MX","2009899100",
"1","NOGALES, ARIZ.","1","Mexico","1.1.8.9","2009904000","MIX FRT JU,UNFRM","29","13","0","0","0","0","0","","26","MX","2009904000",
"1","NOGALES, ARIZ.","1","Mexico","1.1.9","","Fruit, Frozen","55","58","34","0","12","12","42","260","26","MX","0720AT",
"1","NOGALES, ARIZ.","1","Mexico","1.1.9.1","0811100000","STRAWBERRIES,FRZ","38","58","34","0","12","12","42","260","26","MX","0811100000",
"1","NOGALES, ARIZ.","1","Mexico","1.1.9.2","0811200000","BERRIES,FRZ,NEC","17","0","0","0","0","0","0","","26","MX","0811200000",
"1","NOGALES, ARIZ.","1","Mexico","1.2","","Vegetables and Preparations","48,495","40,976","70,384","108,894","128,430","109,458","134,419","23","26","MX","0744AG",
"1","NOGALES, ARIZ.","1","Mexico","1.2.1","","Fresh Veg Exc Potato","4,529","3,872","31,040","64,015","86,735","76,423","77,805","2","26","MX","0750AT",
"1","NOGALES, ARIZ.","1","Mexico","1.2.1.1","0705190040","ORG LETTUCE X HD","0","0","5,197","10,527","18,232","15,990","17,771","11","26","MX","0705190040",
"1","NOGALES, ARIZ.","1","Mexico","1.2.1.2","0709700010","ORG SPINACH FR/C","375","354","7,015","12,439","14,516","13,649","19,243","41","26","MX","0709700010",
"1","NOGALES, ARIZ.","1","Mexico","1.2.1.3","0705190050","LETTUCE X HD FR","0","0","4,970","12,160","10,858","10,051","9,839","-2","26","MX","0705190050",
"1","NOGALES, ARIZ.","1","Mexico","1.2.1.4","0709700050","SPINACH FR/CH","470","467","2,529","5,283","6,936","6,772","3,724","-45","26","MX","0709700050",
"1","NOGALES, ARIZ.","1","Mexico","1.2.1.5","0704904030","BROCCOLI FR/CH","0","0","98","3,135","5,946","5,758","1,481","-74","26","MX","0704904030",
"1","NOGALES, ARIZ.","1","Mexico","1.2.1.6","0704100050","CAULFLOWER FR/CH","3","43","829","2,149","4,314","3,286","5,087","55","26","MX","0704100050",
"1","NOGALES, ARIZ.","1","Mexico","1.2.1.7","0709999500","VEG,NESOI,FR/CH","0","21","342","1,948","4,157","3,867","3,351","-13","26","MX","0709999500",
"1","NOGALES, ARIZ.","1","Mexico","1.2.1.8","0706103050","CARROTS FR/CH","0","0","1,027","3,001","3,781","2,938","2,984","2","26","MX","0706103050",
"1","NOGALES, ARIZ.","1","Mexico","1.2.1.9","0705110050","HD LETTUCE FR/CH","0","68","1,867","1,970","2,739","2,379","2,411","1","26","MX","0705110050",
"1","NOGALES, ARIZ.","1","Mexico","1.2.1.10","0704200000","BRSSL SPRTS,F/CH","0","0","90","752","2,649","1,233","1,683","36","26","MX","0704200000",
"1","NOGALES, ARIZ.","1","Mexico","1.2.1.11","0704902050","CABBAGE, FR/CH","32","56","803","1,510","2,406","2,013","3,111","55","26","MX","0704902050",
"1","NOGALES, ARIZ.","1","Mexico","1.2.1.12","0704904040","KOHLRABI FR/CH","5","0","963","1,613","2,031","1,877","1,659","-12","26","MX","0704904040",
"1","NOGALES, ARIZ.","1","Mexico","1.2.1.13","0702000015","ORG CHERRY TOMAT","172","37","20","211","1,038","1,038","249","-76","26","MX","0702000015",
"1","NOGALES, ARIZ.","1","Mexico","1.2.1.14","0709400010","ORG CELERY FR/CH","0","0","46","99","846","482","141","-71","26","MX","0709400010",
"1","NOGALES, ARIZ.","1","Mexico","1.2.1.15","0714202000","SW POTATO,FR/DRD","482","151","222","180","769","703","319","-55","26","MX","0714202000",
"1","NOGALES, ARIZ.","1","Mexico","1.2.1.16","0703100050","ONION SETS FR/CH","436","641","1,561","1,286","740","503","182","-64","26","MX","0703100050",
"1","NOGALES, ARIZ.","1","Mexico","1.2.1.17","0709400050","CELERY FR/CH","5","0","202","533","681","469","516","10","26","MX","0709400050",
"1","NOGALES, ARIZ.","1","Mexico","1.2.1.18","0708200000","BEANS, FR/CH","0","0","0","165","669","295","420","43","26","MX","0708200000",
"1","NOGALES, ARIZ.","1","Mexico","1.2.1.19","0709930000","PUMPKINS, FR/CH","467","658","634","669","582","561","695","24","26","MX","0709930000",
"1","NOGALES, ARIZ.","1","Mexico","1.2.1.20","0706103030","ORG CARROT NESOI","0","0","198","597","468","451","56","-88","26","MX","0706103030",
"1","NOGALES, ARIZ.","1","Mexico","1.2.1.21","0702000035","ORG TOMATO OTHER","6","0","28","57","396","396","57","-86","26","MX","0702000035",
"1","NOGALES, ARIZ.","1","Mexico","1.2.1.22","0703100010","ORG ONION SET FR","446","193","267","782","313","296","58","-80","26","MX","0703100010",
"1","NOGALES, ARIZ.","1","Mexico","1.2.1.23","0704100010","ORG CAULFLOWR FR","16","3","39","232","227","180","90","-50","26","MX","0704100010",
"1","NOGALES, ARIZ.","1","Mexico","1.2.1.24","0704902010","ORG CABBAGE","78","0","78","220","199","174","529","203","26","MX","0704902010",
"1","NOGALES, ARIZ.","1","Mexico","1.2.1.25","0704904025","ORG BROCCOLI FR","0","0","59","87","190","190","576","203","26","MX","0704904025",
"1","NOGALES, ARIZ.","1","Mexico","1.2.1.26","0708109000","PEAS FC NESOI","68","0","62","126","181","127","258","103","26","MX","0708109000",
"1","NOGALES, ARIZ.","1","Mexico","1.2.1.27","0708900000","LEGUM VEG,FR.CH","0","0","49","169","152","100","178","78","26","MX","0708900000",
"1","NOGALES, ARIZ.","1","Mexico","1.2.1.28","0709600010","ORG PEPPERS FR/C","34","278","70","62","127","127","11","-91","26","MX","0709600010",
"1","NOGALES, ARIZ.","1","Mexico","1.2.1.29","0703105000","ONIONS/SHALL,F/C","630","35","780","253","106","106","0","","26","MX","0703105000",
"1","NOGALES, ARIZ.","1","Mexico","1.2.1.30","0709910000","GL ARTICHOKE,F/C","278","345","266","141","86","69","54","-22","26","MX","0709910000",
"1","NOGALES, ARIZ.","1","Mexico","1.2.1.31","0703200000","GARLIC, FR/CH","52","0","157","775","74","46","591","1,183","26","MX","0703200000",
"1","NOGALES, ARIZ.","1","Mexico","1.2.1.32","0705110010","ORG HD LETTUCE","0","0","28","106","65","53","60","11","26","MX","0705110010",
"1","NOGALES, ARIZ.","1","Mexico","1.2.1.33","0702000025","ORG ROMA PLM TOM","64","363","150","74","61","61","25","-59","26","MX","0702000025",
"1","NOGALES, ARIZ.","1","Mexico","1.2.1.34","0708101000","ORG PEAS FC","174","23","0","0","42","42","0","","26","MX","0708101000",
"1","NOGALES, ARIZ.","1","Mexico","1.2.1.35","0706103020","ORG CARROT <11CM","0","4","0","0","35","26","40","53","26","MX","0706103020",
"1","NOGALES, ARIZ.","1","Mexico","1.2.1.36","0709600050","PEPPERS FR/CH","26","16","133","153","30","30","81","166","26","MX","0709600050",
"1","NOGALES, ARIZ.","1","Mexico","1.2.1.37","0702000065","TOMATOES OTHER","26","8","69","49","29","29","59","101","26","MX","0702000065",
"1","NOGALES, ARIZ.","1","Mexico","1.2.1.38","0702000055","ROMA PLUM TOMATO","0","0","0","126","21","21","34","63","26","MX","0702000055",
"1","NOGALES, ARIZ.","1","Mexico","1.2.1.39","0709994500","CORN,SWT,FR/CH","0","0","0","0","21","21","0","","26","MX","0709994500",
"1","NOGALES, ARIZ.","1","Mexico","1.2.1.40","0706909000","BEET FC NESOI","0","0","0","0","7","3","29","1,000","26","MX","0706909000",
"1","NOGALES, ARIZ.","1","Mexico","1.2.1.41","0709591000","TRUFFLES, FR/CH","0","0","0","0","7","7","0","","26","MX","0709591000",
"1","NOGALES, ARIZ.","1","Mexico","1.2.1.42","0705290000","CHCRY,X WTLF,F/C","0","0","108","322","4","0","52","","26","MX","0705290000",
"1","NOGALES, ARIZ.","1","Mexico","1.2.1.43","0709300000","EGGPLANT,FR/CH","0","0","0","0","4","4","0","","26","MX","0709300000",
"1","NOGALES, ARIZ.","1","Mexico","1.2.1.44","0702000045","CHERRY TOMATO","35","0","6","10","0","0","30","","26","MX","0702000045",
"1","NOGALES, ARIZ.","1","Mexico","1.2.1.45","0703105040","SHALLOTS FR/CH","0","0","0","0","0","0","56","","26","MX","0703105040",
"1","NOGALES, ARIZ.","1","Mexico","1.2.1.46","0703900000","LEEKS FR/CH","0","29","0","0","0","0","9","","26","MX","0703900000",
"1","NOGALES, ARIZ.","1","Mexico","1.2.1.47","0705190030","ORG LETTUCE >1KG","0","0","0","16","0","0","0","","26","MX","0705190030",
"1","NOGALES, ARIZ.","1","Mexico","1.2.1.48","0706903100","ORG BEET FC","0","0","0","0","0","0","3","","26","MX","0706903100",
"1","NOGALES, ARIZ.","1","Mexico","1.2.1.49","0707000010","ORG CUCMBERS","82","0","12","0","0","0","0","","26","MX","0707000010",
"1","NOGALES, ARIZ.","1","Mexico","1.2.1.50","0707000050","CUCMBERS,FR/CH","16","0","0","32","0","0","0","","26","MX","0707000050",
"1","NOGALES, ARIZ.","1","Mexico","1.2.1.51","0709202000","ORG ASPARAGUS FC","29","74","32","0","0","0","0","","26","MX","0709202000",
"1","NOGALES, ARIZ.","1","Mexico","1.2.1.52","0709205000","ASPARAGUS FC","0","7","34","0","0","0","0","","26","MX","0709205000",
"1","NOGALES, ARIZ.","1","Mexico","1.2.1.53","0714102000","CASSAVA, FR/DRD","22","0","0","0","0","0","0","","26","MX","0714102000",
"1","NOGALES, ARIZ.","1","Mexico","1.2.2","","Vegtbls,Prep or Pres","23,911","17,440","19,408","26,001","21,490","16,352","24,558","50","26","MX","0760AT",
"1","NOGALES, ARIZ.","1","Mexico","1.2.2.1","2002900060","TOMATO PASTE","18,076","13,995","16,396","22,226","16,718","12,219","20,376","67","26","MX","2002900060",
"1","NOGALES, ARIZ.","1","Mexico","1.2.2.2","2103909090","SAUCES AND PREPS","3,979","2,057","1,408","1,563","1,743","1,442","1,997","38","26","MX","2103909090",
"1","NOGALES, ARIZ.","1","Mexico","1.2.2.3","2002900080","TOMATO NES,PR/PS","322","56","516","31","1,550","1,476","121","-92","26","MX","2002900080",
"1","NOGALES, ARIZ.","1","Mexico","1.2.2.4","2002100000","TOMATO,WHL/PCS P","622","540","415","1,441","919","740","1,418","92","26","MX","2002100000",
"1","NOGALES, ARIZ.","1","Mexico","1.2.2.5","2103204050","TMTO SAUCES NES","316","153","274","232","302","256","389","52","26","MX","2103204050",
"1","NOGALES, ARIZ.","1","Mexico","1.2.2.6","2005200020","POTATO CHIPS,P/P","55","152","174","101","137","98","99","","26","MX","2005200020",
"1","NOGALES, ARIZ.","1","Mexico","1.2.2.7","2103202000","TOMATO KETCHUP","75","178","91","114","71","71","68","-3","26","MX","2103202000",
"1","NOGALES, ARIZ.","1","Mexico","1.2.2.8","2103204010","ORG TMTO SAUC NE","75","13","93","57","28","28","50","80","26","MX","2103204010",
"1","NOGALES, ARIZ.","1","Mexico","1.2.2.9","2001100000","CUCUMBERS,PR/PS","14","0","0","0","10","7","3","-66","26","MX","2001100000",
"1","NOGALES, ARIZ.","1","Mexico","1.2.2.10","2001906500","VEG/FRT/NTS,P/PS","0","0","5","0","10","10","0","","26","MX","2001906500",
"1","NOGALES, ARIZ.","1","Mexico","1.2.2.11","2005514020","BEANS NES CANNED","0","0","0","0","4","4","0","","26","MX","2005514020",
"1","NOGALES, ARIZ.","1","Mexico","1.2.2.12","0711905000","ONIONS, PRV PRES","6","0","0","0","0","0","0","","26","MX","0711905000",
"1","NOGALES, ARIZ.","1","Mexico","1.2.2.13","0711905500","VEG, NES PRV PRS","344","263","24","230","0","0","37","","26","MX","0711905500",
"1","NOGALES, ARIZ.","1","Mexico","1.2.2.14","2003900002","MUSHRM TRF PR/PS","0","0","5","0","0","0","0","","26","MX","2003900002",
"1","NOGALES, ARIZ.","1","Mexico","1.2.2.15","2005200070","POTATO NES,P/PRS","7","0","0","0","0","0","0","","26","MX","2005200070",
"1","NOGALES, ARIZ.","1","Mexico","1.2.2.16","2005590000","BNS,N/S,PR/PS","4","6","0","0","0","0","0","","26","MX","2005590000",
"1","NOGALES, ARIZ.","1","Mexico","1.2.2.17","2005800000","SWEET CORN,PR/PS","4","4","0","0","0","0","0","","26","MX","2005800000",
"1","NOGALES, ARIZ.","1","Mexico","1.2.2.18","2005993000","SAUERKRAUT,PR/PS","0","23","0","0","0","0","0","","26","MX","2005993000",
"1","NOGALES, ARIZ.","1","Mexico","1.2.2.19","2005996550","VEGS INC MIX P/P","3","0","8","0","0","0","0","","26","MX","2005996550",
"1","NOGALES, ARIZ.","1","Mexico","1.2.2.20","2008910000","PALM HEARTS,P/P","7","0","0","6","0","0","0","","26","MX","2008910000",
"1","NOGALES, ARIZ.","1","Mexico","1.2.3","","Vegetables, Frozen","17,394","16,322","16,111","13,233","16,536","13,688","27,536","101","26","MX","0765AT",
"1","NOGALES, ARIZ.","1","Mexico","1.2.3.1","2004108020","POTATO,FR FRY,FZ","14,828","14,015","13,216","9,304","13,232","10,676","24,430","129","26","MX","2004108020",
"1","NOGALES, ARIZ.","1","Mexico","1.2.3.2","2004908580","VEG IN MX P/P FZ","175","636","1,502","2,396","1,637","1,500","682","-55","26","MX","2004908580",
"1","NOGALES, ARIZ.","1","Mexico","1.2.3.3","2004108060","POTATOES X FF FZ","692","261","85","346","953","883","1,019","15","26","MX","2004108060",
"1","NOGALES, ARIZ.","1","Mexico","1.2.3.4","0710400000","SWEET CORN,FRZ","842","585","625","437","459","459","13","-97","26","MX","0710400000",
"1","NOGALES, ARIZ.","1","Mexico","1.2.3.5","2004901000","ANTIPASTO, PREPA","247","90","14","0","91","54","155","186","26","MX","2004901000",
"1","NOGALES, ARIZ.","1","Mexico","1.2.3.6","0710220000","BEANS,RAW COOKED","0","0","15","52","54","11","178","1,593","26","MX","0710220000",
"1","NOGALES, ARIZ.","1","Mexico","1.2.3.7","0710100000","POTATOES FROZEN","96","132","111","64","42","42","0","","26","MX","0710100000",
"1","NOGALES, ARIZ.","1","Mexico","1.2.3.8","0710800050","OTHER FROZEN VEG","317","544","484","234","30","30","1,058","3,445","26","MX","0710800050",
"1","NOGALES, ARIZ.","1","Mexico","1.2.3.9","0710300000","SPINACH RAW/COOK","0","0","20","124","25","25","0","","26","MX","0710300000",
"1","NOGALES, ARIZ.","1","Mexico","1.2.3.10","0710900000","VEG MIXTURES","0","5","36","0","10","10","0","","26","MX","0710900000",
"1","NOGALES, ARIZ.","1","Mexico","1.2.3.11","0710210000","PEAS,FROZEN","0","0","0","0","4","0","0","","26","MX","0710210000",
"1","NOGALES, ARIZ.","1","Mexico","1.2.3.12","0710800010","ASPARAGUS, FRZN","0","0","3","0","0","0","0","","26","MX","0710800010",
"1","NOGALES, ARIZ.","1","Mexico","1.2.3.13","0714101000","CASSAVA FRZ","0","8","0","0","0","0","0","","26","MX","0714101000",
"1","NOGALES, ARIZ.","1","Mexico","1.2.3.14","0714201000","SW POTATO, FZ","198","47","0","256","0","0","0","","26","MX","0714201000",
"1","NOGALES, ARIZ.","1","Mexico","1.2.3.15","2004908000","BEANS, PREPARED","0","0","0","21","0","0","0","","26","MX","2004908000",
"1","NOGALES, ARIZ.","1","Mexico","1.2.4","","Potatoes, Fresh & Seed","1,968","2,283","2,583","2,950","2,568","2,048","2,460","20","26","MX","0755AT",
"1","NOGALES, ARIZ.","1","Mexico","1.2.4.1","0701100000","POTATO,SD,FR/CH","1,453","1,920","2,368","2,478","2,258","1,834","1,026","-44","26","MX","0701100000",
"1","NOGALES, ARIZ.","1","Mexico","1.2.4.2","0701900080","POTATO XSD NESOI","77","202","215","423","178","107","401","275","26","MX","0701900080",
"1","NOGALES, ARIZ.","1","Mexico","1.2.4.3","0701900050","POT XSD <1201 KG","318","161","0","49","132","108","1,033","860","26","MX","0701900050",
"1","NOGALES, ARIZ.","1","Mexico","1.2.4.4","0701900070","ORG POTATO XSD","120","0","0","0","0","0","0","","26","MX","0701900070",
"1","NOGALES, ARIZ.","1","Mexico","1.2.5","","Dried Beans","483","627","691","1,283","743","604","592","-2","26","MX","0741AT",
"1","NOGALES, ARIZ.","1","Mexico","1.2.5.1","0713395150","PINTO BEANS","371","341","372","605","461","410","162","-60","26","MX","0713395150",
"1","NOGALES, ARIZ.","1","Mexico","1.2.5.2","0713909002","LGMNCS VEG DRD","54","114","19","22","140","52","0","","26","MX","0713909002",
"1","NOGALES, ARIZ.","1","Mexico","1.2.5.3","0713335070","OTH KIDNEY BEANS","32","125","81","159","99","99","380","283","26","MX","0713335070",
"1","NOGALES, ARIZ.","1","Mexico","1.2.5.4","0713395110","BLACK BEANS","0","7","59","0","29","29","0","","26","MX","0713395110",
"1","NOGALES, ARIZ.","1","Mexico","1.2.5.5","0713316000","VIGNA MUNGO BNS","20","0","0","0","14","14","24","73","26","MX","0713316000",
"1","NOGALES, ARIZ.","1","Mexico","1.2.5.6","0713333000","NAVY/PEA BEANS","0","0","132","497","0","0","0","","26","MX","0713333000",
"1","NOGALES, ARIZ.","1","Mexico","1.2.5.7","0713335040","LT RD KIDNEY BNS","0","0","29","0","0","0","0","","26","MX","0713335040",
"1","NOGALES, ARIZ.","1","Mexico","1.2.5.8","0713335050","DRIED PINK BEANS","5","0","0","0","0","0","0","","26","MX","0713335050",
"1","NOGALES, ARIZ.","1","Mexico","1.2.5.9","0713395190","BEANS, NESOI","0","40","0","0","0","0","26","","26","MX","0713395190",
"1","NOGALES, ARIZ.","1","Mexico","1.2.6","","Dried Peas","25","231","284","526","175","175","606","247","26","MX","0745AT",
"1","NOGALES, ARIZ.","1","Mexico","1.2.6.1","0713104020","GREEN PEAS, DRYD","23","62","0","267","125","125","382","206","26","MX","0713104020",
"1","NOGALES, ARIZ.","1","Mexico","1.2.6.2","0713104080","PEAS, NESOI","0","91","97","96","50","50","224","349","26","MX","0713104080",
"1","NOGALES, ARIZ.","1","Mexico","1.2.6.3","0713102000","SPLIT PEAS","3","78","186","163","0","0","0","","26","MX","0713102000",
"1","NOGALES, ARIZ.","1","Mexico","1.2.7","","Vegtbls,Dried/Dehydr","169","154","259","872","174","161","859","434","26","MX","0770AT",
"1","NOGALES, ARIZ.","1","Mexico","1.2.7.1","0712909002","VEG NES/MX VG DR","9","26","71","842","148","148","815","449","26","MX","0712909002",
"1","NOGALES, ARIZ.","1","Mexico","1.2.7.2","1108190000","STARCHES, NESOI","11","8","3","11","11","7","8","13","26","MX","1108190000",
"1","NOGALES, ARIZ.","1","Mexico","1.2.7.3","0712204000","ONIONS, DRIED","17","12","5","0","9","0","25","","26","MX","0712204000",
"1","NOGALES, ARIZ.","1","Mexico","1.2.7.4","1105100000","POTATO,FL & MEAL","0","0","0","0","5","5","0","","26","MX","1105100000",
"1","NOGALES, ARIZ.","1","Mexico","1.2.7.5","0712202000","ONION PWDR/FLOUR","73","58","90","13","0","0","0","","26","MX","0712202000",
"1","NOGALES, ARIZ.","1","Mexico","1.2.7.6","0712310000","MSHRMS AGAR, DRD","0","0","5","0","0","0","0","","26","MX","0712310000",
"1","NOGALES, ARIZ.","1","Mexico","1.2.7.7","0712904020","GARLIC PWDR/FLR","54","49","37","0","0","0","0","","26","MX","0712904020",
"1","NOGALES, ARIZ.","1","Mexico","1.2.7.8","0712904040","GARLIC, DRIED","0","0","7","0","0","0","0","","26","MX","0712904040",
"1","NOGALES, ARIZ.","1","Mexico","1.2.7.9","1105200000","FLAKES OF POTATO","0","0","0","3","0","0","0","","26","MX","1105200000",
"1","NOGALES, ARIZ.","1","Mexico","1.2.7.10","1106100000","FL/ML,DR LEG VEG","0","0","36","0","0","0","11","","26","MX","1106100000",
"1","NOGALES, ARIZ.","1","Mexico","1.2.7.11","1108130000","STARCH, POTATO","6","0","6","4","0","0","0","","26","MX","1108130000",
"1","NOGALES, ARIZ.","1","Mexico","1.2.8","","Olives,Prep or Pres","12","25","7","14","10","7","0","","26","MX","0746AT",
"1","NOGALES, ARIZ.","1","Mexico","1.2.9","","Dried Chickpeas","0","19","0","0","0","0","3","","26","MX","0742AT",
"1","NOGALES, ARIZ.","1","Mexico","1.2.10","","Vegetable Juices","4","3","0","0","0","0","0","","26","MX","0772AT",
"1","NOGALES, ARIZ.","1","Mexico","1.3","","Other Hort Products","17,702","22,044","21,910","24,747","30,946","25,692","29,176","14","26","MX","0779AG",
"1","NOGALES, ARIZ.","1","Mexico","1.3.1","","Nsry Pdt Exc Cut Flo","11,716","15,007","16,106","15,810","14,822","11,632","15,126","30","26","MX","0790AT",
"1","NOGALES, ARIZ.","1","Mexico","1.3.2","","Miscellaneous Hort Products","3,385","3,474","3,701","7,142","11,146","9,634","9,607","","26","MX","0799AT",
"1","NOGALES, ARIZ.","1","Mexico","1.3.3","","Hops","863","1,632","296","454","3,045","2,948","1,870","-37","26","MX","0785AT",
"1","NOGALES, ARIZ.","1","Mexico","1.3.4","","Wine & Wine Prdcts","1,151","1,450","1,380","995","1,718","1,326","2,202","66","26","MX","0780AT",
"1","NOGALES, ARIZ.","1","Mexico","1.3.5","","Essential Oils","330","391","336","304","210","148","98","-33","26","MX","0798AT",
"1","NOGALES, ARIZ.","1","Mexico","1.3.6","","Distilled Spirits","0","0","0","0","5","5","226","4,822","26","MX","0782AT",
"1","NOGALES, ARIZ.","1","Mexico","1.3.7","","Beer","249","0","0","42","0","0","0","","26","MX","0779AT",
"1","NOGALES, ARIZ.","1","Mexico","1.3.8","","Cut Flowers","6","91","90","0","0","0","47","","26","MX","0795AT",
"1","NOGALES, ARIZ.","1","Mexico","1.4","","Tree Nuts And Preparations","1,267","1,510","906","255","838","768","1,956","155","26","MX","0774AG",
"1","NOGALES, ARIZ.","1","Mexico","1.4.1","","Edible Tree Nuts","1,267","1,510","906","255","838","768","1,956","155","26","MX","0775AT",
"1","NOGALES, ARIZ.","1","Mexico","2","","Oilseeds & Products","30,954","163,362","235,814","242,254","318,365","270,146","309,137","14","26","MX","0050GR",
"1","NOGALES, ARIZ.","1","Mexico","3","","Grains & Feeds","86,744","117,826","103,316","103,903","175,421","128,639","203,548","58","26","MX","0010GR",
"1","NOGALES, ARIZ.","1","Mexico","4","","Livestock & Meats","82,643","62,138","69,717","85,574","110,437","87,640","73,627","-16","26","MX","0250GR",
"1","NOGALES, ARIZ.","1","Mexico","4.1","","Beef & Veal,Fr/Ch/Fz","12,806","18,215","17,865","33,234","29,055","24,549","16,135","-34","26","MX","0600AT",
"1","NOGALES, ARIZ.","1","Mexico","4.2","","Pork, Fr/Ch/Fz","17,339","11,609","8,905","14,236","20,706","18,810","10,793","-43","26","MX","0603AT",
"1","NOGALES, ARIZ.","1","Mexico","4.3","","Variety Meats, Pork","11,003","12,356","16,695","10,632","15,550","13,794","13,332","-3","26","MX","0619AT",
"1","NOGALES, ARIZ.","1","Mexico","4.4","","DairyCattle,Brd Bull","0","0","851","7,993","10,855","7,867","10,876","38","26","MX","0655AT",
"1","NOGALES, ARIZ.","1","Mexico","4.5","","Variety Meats, Beef","6,307","5,953","8,019","6,407","7,306","5,091","3,885","-24","26","MX","0618AT",
"1","NOGALES, ARIZ.","1","Mexico","4.6","","Other Cattle","4,895","3,035","275","586","5,372","2,325","7,296","214","26","MX","0657AT",
"1","NOGALES, ARIZ.","1","Mexico","4.7","","Ined Meatmeal Tankge","19,924","3,508","8,946","4,211","5,194","4,777","3,900","-18","26","MX","0631AT",
"1","NOGALES, ARIZ.","1","Mexico","4.8","","Other Livestck Prods","691","919","1,017","1,520","4,176","3,099","2,802","-10","26","MX","0665AT",
"1","NOGALES, ARIZ.","1","Mexico","4.9","","Lard","927","884","1,135","807","4,071","564","520","-8","26","MX","0624AT",
"1","NOGALES, ARIZ.","1","Mexico","4.10","","Oth Ined an Fats&Oil","361","346","693","730","2,705","2,568","842","-67","26","MX","0628AT",
"1","NOGALES, ARIZ.","1","Mexico","4.11","","Oth Horses/Ass/Mu/Hi","2,293","1,351","1,574","1,889","1,874","1,530","1,564","2","26","MX","0661AT",
"1","NOGALES, ARIZ.","1","Mexico","4.12","","Edible Tallow","0","568","66","0","772","772","564","-27","26","MX","0626AT",
"1","NOGALES, ARIZ.","1","Mexico","4.13","","Swine","3,956","297","784","1,339","750","516","310","-40","26","MX","0659AT",
"1","NOGALES, ARIZ.","1","Mexico","4.14","","Sausages & Bologna","285","1,595","2,032","182","590","361","132","-64","26","MX","0615AT",
"1","NOGALES, ARIZ.","1","Mexico","4.15","","Hog Sausage Casings","1,101","171","114","644","443","176","0","","26","MX","0622AT",
"1","NOGALES, ARIZ.","1","Mexico","4.16","","Horses For Breeding","10","23","10","95","226","173","261","51","26","MX","0660AT",
"1","NOGALES, ARIZ.","1","Mexico","4.17","","Pork, Bacon, Cured","178","146","179","56","162","100","76","-24","26","MX","0606AT",
"1","NOGALES, ARIZ.","1","Mexico","4.18","","Commercial Prod","16","0","0","31","129","129","4","-97","26","MX","0679AT",
"1","NOGALES, ARIZ.","1","Mexico","4.19","","Beef&Veal, Prep/Pres","9","62","25","50","129","78","39","-50","26","MX","0602AT",
"1","NOGALES, ARIZ.","1","Mexico","4.20","","Othe Sausage Casings","76","609","0","653","88","88","0","","26","MX","0623AT",
"1","NOGALES, ARIZ.","1","Mexico","4.21","","Variety Meats, Other","78","158","192","97","88","88","0","","26","MX","0621AT",
"1","NOGALES, ARIZ.","1","Mexico","4.22","","Pork,Hams/Shldrs,Crd","29","12","27","21","84","80","10","-87","26","MX","0604AT",
"1","NOGALES, ARIZ.","1","Mexico","4.23","","Pork,Prep/Pres,Nt/Cn","158","104","203","57","45","38","110","186","26","MX","0607AT",
"1","NOGALES, ARIZ.","1","Mexico","4.24","","Sheep & Lambskins","17","32","34","38","35","35","20","-42","26","MX","0644AT",
"1","NOGALES, ARIZ.","1","Mexico","4.25","","Lamb&Mutton,Fr/Ch/Fz","64","46","22","0","15","15","0","","26","MX","0609AT",
"1","NOGALES, ARIZ.","1","Mexico","4.26","","Ot Meat Prod,Prp/Prs","0","0","0","0","9","9","3","-71","26","MX","0617AT",
"1","NOGALES, ARIZ.","1","Mexico","4.27","","Pork,Prep/Pres,Cannd","25","27","0","0","6","6","0","","26","MX","0608AT",
"1","NOGALES, ARIZ.","1","Mexico","4.28","","Oth Meat Prods,F/C/F","0","16","0","0","0","0","0","","26","MX","0616AT",
"1","NOGALES, ARIZ.","1","Mexico","4.29","","Feather Meal","0","0","0","22","0","0","0","","26","MX","0629AT",
"1","NOGALES, ARIZ.","1","Mexico","4.30","","Other Wool & Hair","0","31","0","0","0","0","3","","26","MX","0637AT",
"1","NOGALES, ARIZ.","1","Mexico","4.31","","BeefCattle,Brdg Bull","15","0","0","25","0","0","0","","26","MX","0653AT",
"1","NOGALES, ARIZ.","1","Mexico","4.32","","DairyCattle,Brd Fema","0","0","0","0","0","0","106","","26","MX","0656AT",
"1","NOGALES, ARIZ.","1","Mexico","4.33","","Other Livestock","0","6","0","0","0","0","0","","26","MX","0662AT",
"1","NOGALES, ARIZ.","1","Mexico","4.34","","Cattle Embryos","0","0","0","0","0","0","10","","26","MX","0663AT",
"1","NOGALES, ARIZ.","1","Mexico","4.35","","Bull Semen","3","0","46","0","0","0","0","","26","MX","0664AT",
"1","NOGALES, ARIZ.","1","Mexico","4.36","","Non Dlp Comm","77","57","7","20","0","0","34","","26","MX","0680AT",
"1","NOGALES, ARIZ.","1","Mexico","5","","Planting Seeds","36,274","29,918","32,032","33,549","35,924","31,190","31,953","2","26","MX","0200GR",
"1","NOGALES, ARIZ.","1","Mexico","6","","Poultry & Products","32,247","28,871","35,739","31,890","28,912","24,465","19,483","-20","26","MX","0350GR",
"1","NOGALES, ARIZ.","1","Mexico","7","","Sugar & Tropical Products","23,205","21,295","27,425","23,370","26,976","21,593","35,185","63","26","MX","0450GR",
"1","NOGALES, ARIZ.","1","Mexico","8","","Dairy & Products","6,781","8,876","10,563","10,888","13,425","9,758","16,572","70","26","MX","0300GR",
"1","NOGALES, ARIZ.","1","Mexico","9","","Tobacco & Products","134","160","26","6,723","9,428","7,226","9,542","32","26","MX","0150GR",
"1","NOGALES, ARIZ.","1","Mexico","10","","Cotton, Linters & Waste","4,333","5,140","7,413","1,289","5,781","4,534","5,099","12","26","MX","0100GR",
"1","NOGALES, ARIZ.","1","Mexico","11","","Ethanol (non-bev.)","0","0","13","81","33","29","8","-72","26","MX","0480GR",
"","Grand Total","","","","","","771,815","916,821","1,020,981","1,034,715","1,337,032","1,098,131","1,198,139","9",
"Notes:<br>
1. Data Source: U.S. Census Bureau Trade Data, U.S. Customs District Data<br>
2. FAS Totals include all Agricultural commodities and FAS selected NONAG commodity items."
"3. Product Group : FAS"