"Data generated on Friday, December 23, 2022 at 12:55:41 PM EST"
Area/Partners of Origin,,,,,January - December
And General  Commodities Imported,,,,,Cumulative To Date Values in Thousands of dollars
,,,,,,,2017,2018,2019,2020,2021,Jan - Oct 2021,Jan - Oct 2022,,
,U.S. Custom Districts,,Partner,,HS Code,Product,Value,Value,Value,Value,Value,Value,Value,Period/Period %  Change (Value),Reporter Code,Partner Code,Product Code,
"1","NOGALES, ARIZ.","1","Mexico","1","","Horticultural Products","3,379,437","3,557,693","4,134,796","4,321,365","4,733,905","4,013,238","4,421,205","10","26","MX","0400GR",
"1","NOGALES, ARIZ.","1","Mexico","1.1","","Vegetables and Preparations","1,916,521","2,059,578","2,305,964","2,681,171","2,639,854","2,177,959","2,135,417","-2","26","MX","0744AG",
"1","NOGALES, ARIZ.","1","Mexico","1.1.1","","Fresh Veg Exc Potato","1,867,573","2,009,101","2,261,990","2,623,193","2,574,596","2,121,782","2,084,669","-2","26","MX","0750AT",
"1","NOGALES, ARIZ.","1","Mexico","1.1.1.1","0709604085","BELL PEPPERS NES","186,719","225,680","251,406","256,999","302,326","247,416","194,195","-22","26","MX","0709604085",
"1","NOGALES, ARIZ.","1","Mexico","1.1.1.2","0709932050","SQUASH,FRSH/CHLD","0","103,666","293,067","376,613","267,280","212,951","225,455","6","26","MX","0709932050",
"1","NOGALES, ARIZ.","1","Mexico","1.1.1.3","0702002010","GREENHOUS TOM 3/","180,620","200,001","195,258","237,666","158,112","158,112","0","","26","MX","0702002010",
"1","NOGALES, ARIZ.","1","Mexico","1.1.1.4","0709602090","CHILI PEPR OTHER","96,616","92,943","110,962","103,449","117,412","91,978","93,982","2","26","MX","0709602090",
"1","NOGALES, ARIZ.","1","Mexico","1.1.1.5","0702006010","GRENHOUS TOM 11/","135,107","154,957","167,894","202,786","111,846","111,846","0","","26","MX","0702006010",
"1","NOGALES, ARIZ.","1","Mexico","1.1.1.6","0707002000","CUCMBR,12/1-2/L","103,226","120,812","137,759","135,657","109,830","75,585","77,263","2","26","MX","0707002000",
"1","NOGALES, ARIZ.","1","Mexico","1.1.1.7","0707005090","CU MY/JN-S/N OTH","74,693","67,898","75,052","77,244","95,816","67,151","37,285","-44","26","MX","0707005090",
"1","NOGALES, ARIZ.","1","Mexico","1.1.1.8","0707004000","CUCMBR,3/1-4/30","58,897","71,181","77,459","81,628","83,683","83,683","97,553","17","26","MX","0707004000",
"1","NOGALES, ARIZ.","1","Mexico","1.1.1.9","0702006065","ROMA TOM 11/15-2","50,358","62,555","62,491","86,551","83,400","66,767","44,534","-33","26","MX","0702006065",
"1","NOGALES, ARIZ.","1","Mexico","1.1.1.10","0709209090","ASPRS,NES,FR/CH","93,707","90,525","105,820","89,662","81,118","78,616","79,290","1","26","MX","0709209090",
"1","NOGALES, ARIZ.","1","Mexico","1.1.1.11","0709604025","BELL PEPPERS GH","85,198","93,937","84,887","72,066","80,623","72,157","39,087","-46","26","MX","0709604025",
"1","NOGALES, ARIZ.","1","Mexico","1.1.1.12","0702002065","ROMA TOM 3/15-7/","59,035","63,029","61,917","125,536","71,964","71,914","77,978","8","26","MX","0702002065",
"1","NOGALES, ARIZ.","1","Mexico","1.1.1.13","0705194000","LETTUCE11/1-5/31","10,323","8,163","26,755","56,124","71,424","44,362","73,322","65","26","MX","0705194000",
"1","NOGALES, ARIZ.","1","Mexico","1.1.1.14","0709700000","SPINACH,NEW ZEAL","985","38","27,388","55,644","66,483","54,799","56,660","3","26","MX","0709700000",
"1","NOGALES, ARIZ.","1","Mexico","1.1.1.15","0709994500","CORN,SWT,FR/CH","28,151","23,019","31,249","45,180","62,143","50,812","29,147","-43","26","MX","0709994500",
"1","NOGALES, ARIZ.","1","Mexico","1.1.1.16","0709604015","ORG BELL PEPP GH","11,135","28,569","51,639","47,932","56,167","47,572","24,349","-49","26","MX","0709604015",
"1","NOGALES, ARIZ.","1","Mexico","1.1.1.17","0708209010","FRESH BEANS, OTH","30,511","43,951","41,030","46,294","48,848","36,772","34,785","-5","26","MX","0708209010",
"1","NOGALES, ARIZ.","1","Mexico","1.1.1.18","0705192000","LETTUCE6/1-10/31","0","104","18,946","36,185","45,357","45,357","44,651","-2","26","MX","0705192000",
"1","NOGALES, ARIZ.","1","Mexico","1.1.1.19","0709604055","PEPPRS OTH GRNHS","22,517","28,772","47,379","40,601","43,338","35,008","35,454","1","26","MX","0709604055",
"1","NOGALES, ARIZ.","1","Mexico","1.1.1.20","0702006045","GR TM 11/15-2/28","21,436","31,217","31,249","33,278","41,392","29,491","25,607","-13","26","MX","0702006045",
"1","NOGALES, ARIZ.","1","Mexico","1.1.1.21","0704902000","CABBAGE,FR/CH","847","985","3,832","28,748","34,683","29,718","28,156","-5","26","MX","0704902000",
"1","NOGALES, ARIZ.","1","Mexico","1.1.1.22","0709604095","PEPPERS OTH NES","37,011","38,697","40,292","36,667","33,919","28,107","16,231","-42","26","MX","0709604095",
"1","NOGALES, ARIZ.","1","Mexico","1.1.1.23","0702002045","GRP TOM 3/1-7/14","11,599","16,823","20,866","25,438","29,910","29,753","32,705","10","26","MX","0702002045",
"1","NOGALES, ARIZ.","1","Mexico","1.1.1.24","0704904020","BROCCOLI FRSH/CH","14,532","8,719","8,965","25,114","29,898","21,865","31,475","44","26","MX","0704904020",
"1","NOGALES, ARIZ.","1","Mexico","1.1.1.25","0702002031","GRHS TM NS 3/","0","0","0","0","28,298","24,441","51,797","112","26","MX","0702002031",
"1","NOGALES, ARIZ.","1","Mexico","1.1.1.26","0707005010","CU M/J-S/N GRNHS","24,552","24,912","24,371","28,204","26,806","20,351","8,636","-58","26","MX","0707005010",
"1","NOGALES, ARIZ.","1","Mexico","1.1.1.27","0709304000","EGGPLT,12/1-3/31","22,846","25,594","27,758","29,663","26,439","20,012","21,551","8","26","MX","0709304000",
"1","NOGALES, ARIZ.","1","Mexico","1.1.1.28","0703104000","ONION/SHALL,F/CH","25,675","19,794","46,589","18,050","24,752","18,608","0","","26","MX","0703104000",
"1","NOGALES, ARIZ.","1","Mexico","1.1.1.29","0702002025","GRHS TM ROUND 3/","0","0","0","0","23,951","20,327","57,980","185","26","MX","0702002025",
"1","NOGALES, ARIZ.","1","Mexico","1.1.1.30","0702006031","GRHS TM NS 11/","0","0","0","0","22,484","0","32,400","","26","MX","0702006031",
"1","NOGALES, ARIZ.","1","Mexico","1.1.1.31","0702004031","GRHS TM NS 7/","0","0","0","0","19,849","19,849","0","","26","MX","0702004031",
"1","NOGALES, ARIZ.","1","Mexico","1.1.1.32","0709302000","EGGPLNT4/1-11/30","15,679","15,167","18,243","22,501","19,333","13,477","17,207","28","26","MX","0709302000",
"1","NOGALES, ARIZ.","1","Mexico","1.1.1.33","0704200000","BRUSSEL SPT,F,CH","7,818","9,450","11,242","14,957","18,968","17,675","20,258","15","26","MX","0704200000",
"1","NOGALES, ARIZ.","1","Mexico","1.1.1.34","0709932010","ORG SQUASH","0","4,103","16,375","21,020","18,531","14,668","13,804","-6","26","MX","0709932010",
"1","NOGALES, ARIZ.","1","Mexico","1.1.1.35","0702006025","GRHS TM ROUND 11","0","0","0","0","18,169","0","34,977","","26","MX","0702006025",
"1","NOGALES, ARIZ.","1","Mexico","1.1.1.36","0709999000","OTH VEG-FRS/CHLD","30,173","22,389","25,605","31,053","16,789","16,789","0","","26","MX","0709999000",
"1","NOGALES, ARIZ.","1","Mexico","1.1.1.37","0709604065","ORG BL PEPPRS NE","16,990","14,781","4,299","8,429","15,794","14,652","11,801","-19","26","MX","0709604065",
"1","NOGALES, ARIZ.","1","Mexico","1.1.1.38","0709999090","OTH VEG-FRS/CHLD","0","0","0","0","13,771","5,308","19,547","268","26","MX","0709999090",
"1","NOGALES, ARIZ.","1","Mexico","1.1.1.39","0704904040","KOHLRABIE, NESOI","6,149","6,249","9,263","11,846","13,578","10,624","10,448","-2","26","MX","0704904040",
"1","NOGALES, ARIZ.","1","Mexico","1.1.1.40","0702002099","TOM, NS 3/1-7/14","11,322","4,703","3,559","3,777","10,522","10,522","0","","26","MX","0702002099",
"1","NOGALES, ARIZ.","1","Mexico","1.1.1.41","0705114000","HD LETT11/1-5/31","381","334","6,238","9,309","10,087","7,103","8,205","16","26","MX","0705114000",
"1","NOGALES, ARIZ.","1","Mexico","1.1.1.42","0709402000","CELERY FR/CH","3,133","2,496","9,076","9,198","9,722","7,614","8,269","9","26","MX","0709402000",
"1","NOGALES, ARIZ.","1","Mexico","1.1.1.43","0702002015","GRHS TM ROMA 3/","0","0","0","0","9,632","7,833","52,659","572","26","MX","0702002015",
"1","NOGALES, ARIZ.","1","Mexico","1.1.1.44","0702006015","GRHS TM ROMA 11/","0","0","0","0","9,589","0","20,404","","26","MX","0702006015",
"1","NOGALES, ARIZ.","1","Mexico","1.1.1.45","0707006010","CUC, GRNHS JL/AU","3,091","3,441","6,238","5,638","8,739","8,739","0","","26","MX","0707006010",
"1","NOGALES, ARIZ.","1","Mexico","1.1.1.46","0702006099","TM NS 11/15-2/28","15,829","12,262","2,775","5,633","7,915","7,915","0","","26","MX","0702006099",
"1","NOGALES, ARIZ.","1","Mexico","1.1.1.47","0705112000","HD LET,6/1-10/31","0","0","3,896","5,224","6,468","6,468","10,750","66","26","MX","0705112000",
"1","NOGALES, ARIZ.","1","Mexico","1.1.1.48","0702004025","GRHS TM ROUND 7/","0","0","0","0","6,350","6,350","0","","26","MX","0702004025",
"1","NOGALES, ARIZ.","1","Mexico","1.1.1.49","0706102000","CARROT,>10CM","3,774","5,257","5,477","3,668","5,553","4,642","10,364","123","26","MX","0706102000",
"1","NOGALES, ARIZ.","1","Mexico","1.1.1.50","0702004015","GRHS TM ROMA 7/","0","0","0","0","5,549","5,549","0","","26","MX","0702004015",
"1","NOGALES, ARIZ.","1","Mexico","1.1.1.51","0707006050","CUCUM >15 JL/AU","2,030","1,346","2,195","5,489","5,389","5,389","0","","26","MX","0707006050",
"1","NOGALES, ARIZ.","1","Mexico","1.1.1.52","0708104000","PEAS,F/C 10/6","7,270","6,535","6,767","5,457","4,395","4,152","4,219","2","26","MX","0708104000",
"1","NOGALES, ARIZ.","1","Mexico","1.1.1.53","0709406000","CELERY,8/1-4/14","6,696","2,761","11,556","2,450","4,065","2,924","4,497","54","26","MX","0709406000",
"1","NOGALES, ARIZ.","1","Mexico","1.1.1.54","0702006035","CHRRY TOM 11/15-","3,000","3,487","2,947","2,393","3,808","2,114","2,395","13","26","MX","0702006035",
"1","NOGALES, ARIZ.","1","Mexico","1.1.1.55","0702004046","GRP TM 7/15-8/31","119","689","725","832","3,015","3,015","0","","26","MX","0702004046",
"1","NOGALES, ARIZ.","1","Mexico","1.1.1.56","0708202005","YARDLONG BEAN FC","3,401","3,697","2,398","3,137","2,952","2,318","1,698","-27","26","MX","0708202005",
"1","NOGALES, ARIZ.","1","Mexico","1.1.1.57","0706100500","CARROT,RED SIZE","0","0","955","1,606","2,941","1,664","2,188","32","26","MX","0706100500",
"1","NOGALES, ARIZ.","1","Mexico","1.1.1.58","0705290000","CHCRY X WTLF F/C","2,958","3,986","3,271","1,924","2,869","2,466","3,396","38","26","MX","0705290000",
"1","NOGALES, ARIZ.","1","Mexico","1.1.1.59","0704104000","CLFLWR,10/16-6/4","173","117","861","1,678","2,799","1,949","2,415","24","26","MX","0704104000",
"1","NOGALES, ARIZ.","1","Mexico","1.1.1.60","0703900000","LEEKS & OT A VEG","3,781","1,672","3,342","2,941","2,648","2,236","0","","26","MX","0703900000",
"1","NOGALES, ARIZ.","1","Mexico","1.1.1.61","0702002035","CHRRY TOM 3/15-7","1,650","2,347","3,333","2,510","1,749","1,749","1,549","-11","26","MX","0702002035",
"1","NOGALES, ARIZ.","1","Mexico","1.1.1.62","0708900500","CHCKPEA,GARB,F/C","1,603","1,465","1,609","1,360","1,511","1,416","871","-39","26","MX","0708900500",
"1","NOGALES, ARIZ.","1","Mexico","1.1.1.63","0706902000","RADISHES,FR/CH","5,469","818","2,102","2,132","1,389","1,098","378","-66","26","MX","0706902000",
"1","NOGALES, ARIZ.","1","Mexico","1.1.1.64","0708904000","LEGUMINOUS VEGET","392","977","1,436","1,485","1,369","976","1,420","46","26","MX","0708904000",
"1","NOGALES, ARIZ.","1","Mexico","1.1.1.65","0709404000","CELERY,4/15-7/31","720","488","670","632","1,119","965","1,043","8","26","MX","0709404000",
"1","NOGALES, ARIZ.","1","Mexico","1.1.1.66","0702004065","ROMATM 7/15-8/31","1,929","2,447","2,636","2,480","1,027","1,027","0","","26","MX","0702004065",
"1","NOGALES, ARIZ.","1","Mexico","1.1.1.67","0702002091","TM NS 3/","0","0","0","0","988","834","2,817","238","26","MX","0702002091",
"1","NOGALES, ARIZ.","1","Mexico","1.1.1.68","0709602010","CHILI PEP GRNHS","0","35","83","366","841","603","706","17","26","MX","0709602010",
"1","NOGALES, ARIZ.","1","Mexico","1.1.1.69","0703200090","OTHR FRSH GARLIC","287","415","198","519","829","829","806","-3","26","MX","0703200090",
"1","NOGALES, ARIZ.","1","Mexico","1.1.1.70","0709933000","GOURDS FR/CH","25","50","694","1,117","743","434","741","71","26","MX","0709933000",
"1","NOGALES, ARIZ.","1","Mexico","1.1.1.71","0702006091","TM NS 11/","0","0","0","0","716","0","3,791","","26","MX","0702006091",
"1","NOGALES, ARIZ.","1","Mexico","1.1.1.72","0703200015","FRSH GARLIC BULB","2,374","521","1,047","1,000","476","476","2,041","329","26","MX","0703200015",
"1","NOGALES, ARIZ.","1","Mexico","1.1.1.73","0703200005","GARLIC, ORGANIC","27","0","6","54","362","362","436","20","26","MX","0703200005",
"1","NOGALES, ARIZ.","1","Mexico","1.1.1.74","0702002080","TM ROUND NS 3/","0","0","0","0","362","362","3,784","946","26","MX","0702002080",
"1","NOGALES, ARIZ.","1","Mexico","1.1.1.75","0702004091","TM NS 7/","0","0","0","0","333","333","0","","26","MX","0702004091",
"1","NOGALES, ARIZ.","1","Mexico","1.1.1.76","0702006080","TM ROUND NS 11/","0","0","0","0","332","0","3,712","","26","MX","0702006080",
"1","NOGALES, ARIZ.","1","Mexico","1.1.1.77","0704106000","CAULIFLOWER/HEAD","0","0","15","115","217","126","82","-35","26","MX","0704106000",
"1","NOGALES, ARIZ.","1","Mexico","1.1.1.78","0709910000","GLOBE ARTICHOKES","306","552","442","394","211","178","50","-72","26","MX","0709910000",
"1","NOGALES, ARIZ.","1","Mexico","1.1.1.79","0703102000","ONION SETS,FR/CH","0","124","0","6","131","131","2","-98","26","MX","0703102000",
"1","NOGALES, ARIZ.","1","Mexico","1.1.1.80","0706903000","BEETS & HRSERDSH","459","122","138","170","116","99","26","-73","26","MX","0706903000",
"1","NOGALES, ARIZ.","1","Mexico","1.1.1.81","0707006030","CUCUM <=15 JL/AU","0","0","0","98","98","98","192","97","26","MX","0707006030",
"1","NOGALES, ARIZ.","1","Mexico","1.1.1.82","0708209005","VIGNA BEANS, F/C","0","0","0","219","64","64","11","-83","26","MX","0708209005",
"1","NOGALES, ARIZ.","1","Mexico","1.1.1.83","0708202010","COWPEAS,OT,FR/CH","8","0","0","156","56","29","0","","26","MX","0708202010",
"1","NOGALES, ARIZ.","1","Mexico","1.1.1.84","0709990500","JICAMAS BRDFRT","351","87","289","262","29","29","46","56","26","MX","0709990500",
"1","NOGALES, ARIZ.","1","Mexico","1.1.1.85","0704102000","CLFLWR,6/5-10/15","0","10","119","49","17","17","191","996","26","MX","0704102000",
"1","NOGALES, ARIZ.","1","Mexico","1.1.1.86","0709991000","CHAYOTE,FR/CH","0","76","0","0","14","5","0","","26","MX","0709991000",
"1","NOGALES, ARIZ.","1","Mexico","1.1.1.87","0714202000","SW POTATO,FR/DRD","0","0","0","0","4","4","5","33","26","MX","0714202000",
"1","NOGALES, ARIZ.","1","Mexico","1.1.1.88","0709931000","PUMPKINS FR/CH","98","10","9","1,435","3","3","686","24,728","26","MX","0709931000",
"1","NOGALES, ARIZ.","1","Mexico","1.1.1.89","0702002016","GRHS TM ROM ORG","0","0","0","0","0","0","7,808","","26","MX","0702002016",
"1","NOGALES, ARIZ.","1","Mexico","1.1.1.90","0702002019","GRHS TM ROUND 3/","0","0","0","0","0","0","2,155","","26","MX","0702002019",
"1","NOGALES, ARIZ.","1","Mexico","1.1.1.91","0702002026","GRHS TM NS 3/","0","0","0","0","0","0","16,749","","26","MX","0702002026",
"1","NOGALES, ARIZ.","1","Mexico","1.1.1.92","0702002032","GRHS TM ROMA 3/","0","0","0","0","0","0","5,211","","26","MX","0702002032",
"1","NOGALES, ARIZ.","1","Mexico","1.1.1.93","0702002036","GRHS TM ROUND 3/","0","0","0","0","0","0","17,391","","26","MX","0702002036",
"1","NOGALES, ARIZ.","1","Mexico","1.1.1.94","0702002042","GRHS TM NS 3/","0","0","0","0","0","0","17,121","","26","MX","0702002042",
"1","NOGALES, ARIZ.","1","Mexico","1.1.1.95","0702002046","TM ORG 3/1-7/15","0","0","0","0","0","0","41","","26","MX","0702002046",
"1","NOGALES, ARIZ.","1","Mexico","1.1.1.96","0702002052","CHRRY TOM 3/15-7","0","0","0","0","0","0","3","","26","MX","0702002052",
"1","NOGALES, ARIZ.","1","Mexico","1.1.1.97","0702002062","GRP TOM 3/1-7/14","0","0","0","0","0","0","2,662","","26","MX","0702002062",
"1","NOGALES, ARIZ.","1","Mexico","1.1.1.98","0702002066","ROMA TOM 3/15-7/","0","0","0","0","0","0","2,777","","26","MX","0702002066",
"1","NOGALES, ARIZ.","1","Mexico","1.1.1.99","0702002092","TM NS 3/","0","0","0","0","0","0","214","","26","MX","0702002092",
"1","NOGALES, ARIZ.","1","Mexico","1.1.1.100","0702004010","GRHS TM7/15-8/31","17,852","22,067","16,275","27,325","0","0","0","","26","MX","0702004010",
"1","NOGALES, ARIZ.","1","Mexico","1.1.1.101","0702004016","GRHS ORG 7-8","0","0","0","0","0","0","1,036","","26","MX","0702004016",
"1","NOGALES, ARIZ.","1","Mexico","1.1.1.102","0702004019","GRHS CH N ORG","0","0","0","0","0","0","665","","26","MX","0702004019",
"1","NOGALES, ARIZ.","1","Mexico","1.1.1.103","0702004021","GRHS GR N ORG","0","0","0","0","0","0","7,611","","26","MX","0702004021",
"1","NOGALES, ARIZ.","1","Mexico","1.1.1.104","0702004023","GRHS TM ROMA 7/","0","0","0","0","0","0","3,721","","26","MX","0702004023",
"1","NOGALES, ARIZ.","1","Mexico","1.1.1.105","0702004027","GRHS TM ROUND 7/","0","0","0","0","0","0","7,935","","26","MX","0702004027",
"1","NOGALES, ARIZ.","1","Mexico","1.1.1.106","0702004032","GRHS TM NS 7/","0","0","0","0","0","0","10,896","","26","MX","0702004032",
"1","NOGALES, ARIZ.","1","Mexico","1.1.1.107","0702004035","CHRY TM7/15-8/31","59","93","399","138","0","0","0","","26","MX","0702004035",
"1","NOGALES, ARIZ.","1","Mexico","1.1.1.108","0702004037","TOM ORG7/15-8/31","0","0","0","0","0","0","109","","26","MX","0702004037",
"1","NOGALES, ARIZ.","1","Mexico","1.1.1.109","0702004047","GRP TM 7/15-8/31","0","0","0","0","0","0","4,392","","26","MX","0702004047",
"1","NOGALES, ARIZ.","1","Mexico","1.1.1.110","0702004066","ROMATM 7/15-8/31","0","0","0","0","0","0","1,513","","26","MX","0702004066",
"1","NOGALES, ARIZ.","1","Mexico","1.1.1.111","0702004092","TM NS 7/","0","0","0","0","0","0","196","","26","MX","0702004092",
"1","NOGALES, ARIZ.","1","Mexico","1.1.1.112","0702004098","TM, NS 7/15-8/31","87","11","892","0","0","0","0","","26","MX","0702004098",
"1","NOGALES, ARIZ.","1","Mexico","1.1.1.113","0703104020","ONIONS FR/CH NES","0","0","0","0","0","0","20,032","","26","MX","0703104020",
"1","NOGALES, ARIZ.","1","Mexico","1.1.1.114","0703104040","SHALLOTS FR/CH","0","0","0","0","0","0","1,034","","26","MX","0703104040",
"1","NOGALES, ARIZ.","1","Mexico","1.1.1.115","0703900020","GR ONION EX  CEP","0","0","0","0","0","0","335","","26","MX","0703900020",
"1","NOGALES, ARIZ.","1","Mexico","1.1.1.116","0703900040","LEEKS & OT A VEG","0","0","0","0","0","0","2,882","","26","MX","0703900040",
"1","NOGALES, ARIZ.","1","Mexico","1.1.1.117","0704904015","BOK CHOY NESOI","0","0","0","0","0","0","7","","26","MX","0704904015",
"1","NOGALES, ARIZ.","1","Mexico","1.1.1.118","0704904035","KALE NESOI","0","0","0","0","0","0","3,027","","26","MX","0704904035",
"1","NOGALES, ARIZ.","1","Mexico","1.1.1.119","0704904050","KOHLRABI NESOI","0","0","0","0","0","0","2,386","","26","MX","0704904050",
"1","NOGALES, ARIZ.","1","Mexico","1.1.1.120","0705210000","WTLF CHCRY FR/CH","190","77","0","25","0","0","0","","26","MX","0705210000",
"1","NOGALES, ARIZ.","1","Mexico","1.1.1.121","0707005020","GR CUCMBR ORG 12","0","0","0","0","0","0","1,404","","26","MX","0707005020",
"1","NOGALES, ARIZ.","1","Mexico","1.1.1.122","0707005040","GR CUCM N ORG 12","0","0","0","0","0","0","7,003","","26","MX","0707005040",
"1","NOGALES, ARIZ.","1","Mexico","1.1.1.123","0707005070","GR CUCMBR ORG 5","0","0","0","0","0","0","1,691","","26","MX","0707005070",
"1","NOGALES, ARIZ.","1","Mexico","1.1.1.124","0707005080","GR CUCM N ORG 5","0","0","0","0","0","0","25,219","","26","MX","0707005080",
"1","NOGALES, ARIZ.","1","Mexico","1.1.1.125","0707006015","GR CUCMBR ORG 7","0","0","0","0","0","0","171","","26","MX","0707006015",
"1","NOGALES, ARIZ.","1","Mexico","1.1.1.126","0707006020","GR CUCM N ORG 7","0","0","0","0","0","0","6,504","","26","MX","0707006020",
"1","NOGALES, ARIZ.","1","Mexico","1.1.1.127","0707006060","GR CUCMBR ORG 8","0","0","0","0","0","0","390","","26","MX","0707006060",
"1","NOGALES, ARIZ.","1","Mexico","1.1.1.128","0707006070","GR CUCM N ORG 8","0","0","0","0","0","0","5,390","","26","MX","0707006070",
"1","NOGALES, ARIZ.","1","Mexico","1.1.1.129","0708102000","PEAS,7/1-9/30","52","0","0","0","0","0","0","","26","MX","0708102000",
"1","NOGALES, ARIZ.","1","Mexico","1.1.1.130","0709209010","ASPRS, WH, NES","2,578","912","11","0","0","0","0","","26","MX","0709209010",
"1","NOGALES, ARIZ.","1","Mexico","1.1.1.131","0709604005","GH GRN PEP ORG","0","0","0","0","0","0","451","","26","MX","0709604005",
"1","NOGALES, ARIZ.","1","Mexico","1.1.1.132","0709604007","GH RED PEP ORG","0","0","0","0","0","0","6,155","","26","MX","0709604007",
"1","NOGALES, ARIZ.","1","Mexico","1.1.1.133","0709604009","GH YEL PEP ORG","0","0","0","0","0","0","1,882","","26","MX","0709604009",
"1","NOGALES, ARIZ.","1","Mexico","1.1.1.134","0709604011","GH ORNG PEP ORG","0","0","0","0","0","0","2,032","","26","MX","0709604011",
"1","NOGALES, ARIZ.","1","Mexico","1.1.1.135","0709604013","GH SWT PEP ORG","0","0","0","0","0","0","4,766","","26","MX","0709604013",
"1","NOGALES, ARIZ.","1","Mexico","1.1.1.136","0709604017","GH GRN PEP N/ORG","0","0","0","0","0","0","1,430","","26","MX","0709604017",
"1","NOGALES, ARIZ.","1","Mexico","1.1.1.137","0709604022","GH RED PEP N/ORG","0","0","0","0","0","0","2,926","","26","MX","0709604022",
"1","NOGALES, ARIZ.","1","Mexico","1.1.1.138","0709604027","GH YEL PEP N/ORG","0","0","0","0","0","0","1,194","","26","MX","0709604027",
"1","NOGALES, ARIZ.","1","Mexico","1.1.1.139","0709604032","GH ORNG PEPN/ORG","0","0","0","0","0","0","1,443","","26","MX","0709604032",
"1","NOGALES, ARIZ.","1","Mexico","1.1.1.140","0709604037","GH SWT PEP N/ORG","0","0","0","0","0","0","4,163","","26","MX","0709604037",
"1","NOGALES, ARIZ.","1","Mexico","1.1.1.141","0709604060","NGH GRN PEP ORG","0","0","0","0","0","0","109","","26","MX","0709604060",
"1","NOGALES, ARIZ.","1","Mexico","1.1.1.142","0709604063","NGH RED PEP ORG","0","0","0","0","0","0","9","","26","MX","0709604063",
"1","NOGALES, ARIZ.","1","Mexico","1.1.1.143","0709604072","NGH SWT PEP ORG","0","0","0","0","0","0","191","","26","MX","0709604072",
"1","NOGALES, ARIZ.","1","Mexico","1.1.1.144","0709604074","SWT PEP N/ORG","0","0","0","0","0","0","8","","26","MX","0709604074",
"1","NOGALES, ARIZ.","1","Mexico","1.1.1.145","0709604078","GRN PEP N/ORG","0","0","0","0","0","0","1,143","","26","MX","0709604078",
"1","NOGALES, ARIZ.","1","Mexico","1.1.1.146","0709604081","RED PEP N/ORG","0","0","0","0","0","0","2,532","","26","MX","0709604081",
"1","NOGALES, ARIZ.","1","Mexico","1.1.1.147","0709604084","YEL PEP N/ORG","0","0","0","0","0","0","1,522","","26","MX","0709604084",
"1","NOGALES, ARIZ.","1","Mexico","1.1.1.148","0709604087","ORNG PEP N/ORG","0","0","0","0","0","0","1,486","","26","MX","0709604087",
"1","NOGALES, ARIZ.","1","Mexico","1.1.1.149","0709604091","SWT PEP N/ORG","0","0","0","0","0","0","2,456","","26","MX","0709604091",
"1","NOGALES, ARIZ.","1","Mexico","1.1.1.150","0709932000","SQUASH,FRSH/CHLD","300,932","203,929","0","0","0","0","0","","26","MX","0709932000",
"1","NOGALES, ARIZ.","1","Mexico","1.1.1.151","0709932020","ORG SQ ZUCC","0","0","0","0","0","0","2,638","","26","MX","0709932020",
"1","NOGALES, ARIZ.","1","Mexico","1.1.1.152","0709932030","ORG SQ YEL","0","0","0","0","0","0","312","","26","MX","0709932030",
"1","NOGALES, ARIZ.","1","Mexico","1.1.1.153","0709932040","ORG SQ NESOI","0","0","0","0","0","0","279","","26","MX","0709932040",
"1","NOGALES, ARIZ.","1","Mexico","1.1.1.154","0709991400","OKRA,FRESH/CHILL","60","0","0","7","0","0","0","","26","MX","0709991400",
"1","NOGALES, ARIZ.","1","Mexico","1.1.1.155","0709999010","CILANTRO FCH","0","0","0","0","0","0","1,445","","26","MX","0709999010",
"1","NOGALES, ARIZ.","1","Mexico","1.1.1.156","0714401001","TARO FR/CH","0","3","0","0","0","0","0","","26","MX","0714401001",
"1","NOGALES, ARIZ.","1","Mexico","1.1.2","","Vegetables, Frozen","17,105","22,466","22,604","25,925","29,278","25,826","23,283","-10","26","MX","0765AT",
"1","NOGALES, ARIZ.","1","Mexico","1.1.2.1","0710809750","FZ VEG OTHR REDC","16,346","16,311","16,378","18,878","22,719","20,125","14,159","-30","26","MX","0710809750",
"1","NOGALES, ARIZ.","1","Mexico","1.1.2.2","0710809726","FZ BROC RED <1.4","278","2,217","2,459","2,764","2,034","1,777","1,359","-24","26","MX","0710809726",
"1","NOGALES, ARIZ.","1","Mexico","1.1.2.3","0710909100","VEG MIX, NES,FRZ","77","844","1,203","2,276","1,409","1,213","773","-36","26","MX","0710909100",
"1","NOGALES, ARIZ.","1","Mexico","1.1.2.4","2004908580","VEG&MX NS,P/P FZ","291","0","106","486","1,064","977","1,337","37","26","MX","2004908580",
"1","NOGALES, ARIZ.","1","Mexico","1.1.2.5","0710807060","VEG NES,WHLE,FRZ","0","20","0","0","938","718","1,489","107","26","MX","0710807060",
"1","NOGALES, ARIZ.","1","Mexico","1.1.2.6","0710809724","FZ BROC RED >1.4","56","1,583","1,610","972","711","667","360","-46","26","MX","0710809724",
"1","NOGALES, ARIZ.","1","Mexico","1.1.2.7","0710809730","FZ CAULIFLOW RED","28","425","289","349","252","208","175","-16","26","MX","0710809730",
"1","NOGALES, ARIZ.","1","Mexico","1.1.2.8","0710809722","FZ BROC SPR REDC","15","114","150","200","146","136","111","-19","26","MX","0710809722",
"1","NOGALES, ARIZ.","1","Mexico","1.1.2.9","0710805000","TOM  11/15 2/LST","0","100","0","0","5","5","11","119","26","MX","0710805000",
"1","NOGALES, ARIZ.","1","Mexico","1.1.2.10","0710223700","FZ BNS WHOLE NES","0","0","0","0","0","0","42","","26","MX","0710223700",
"1","NOGALES, ARIZ.","1","Mexico","1.1.2.11","0710224090","BEANS,OTHER RDSZ","0","278","0","0","0","0","0","","26","MX","0710224090",
"1","NOGALES, ARIZ.","1","Mexico","1.1.2.12","0710804000","TOM3/11-7/14 9/1","6","559","410","0","0","0","0","","26","MX","0710804000",
"1","NOGALES, ARIZ.","1","Mexico","1.1.2.13","0710804500","TOM 7/15-8/31 FZ","0","17","0","0","0","0","0","","26","MX","0710804500",
"1","NOGALES, ARIZ.","1","Mexico","1.1.2.14","0710806500","BRUSSEL SPR FROZ","9","0","0","0","0","0","0","","26","MX","0710806500",
"1","NOGALES, ARIZ.","1","Mexico","1.1.2.15","0710809765","FZ VEG OT NESOI","0","0","0","0","0","0","2,199","","26","MX","0710809765",
"1","NOGALES, ARIZ.","1","Mexico","1.1.2.16","2004908000","BEANS, PREP,PRES","0","0","0","0","0","0","15","","26","MX","2004908000",
"1","NOGALES, ARIZ.","1","Mexico","1.1.2.17","2004908585","GRLC,PREP,NES,FZ","0","0","0","0","0","0","1,254","","26","MX","2004908585",
"1","NOGALES, ARIZ.","1","Mexico","1.1.3","","Dried Beans","16,320","12,417","6,908","17,808","15,676","13,896","9,566","-31","26","MX","0741AT",
"1","NOGALES, ARIZ.","1","Mexico","1.1.3.1","0713392170","VIGNA BEANS 5/1","6,294","3,113","2,343","2,386","6,126","6,126","1,465","-76","26","MX","0713392170",
"1","NOGALES, ARIZ.","1","Mexico","1.1.3.2","0713394150","PINTO BEANS 9/1","163","26","58","533","4,425","3,072","1,123","-63","26","MX","0713394150",
"1","NOGALES, ARIZ.","1","Mexico","1.1.3.3","0713394170","VIGNA BEANS 9/1","7,264","7,022","2,619","7,507","4,043","3,720","5,967","60","26","MX","0713394170",
"1","NOGALES, ARIZ.","1","Mexico","1.1.3.4","0713334090","KD BNS OTHER 9/1","1,874","1,103","335","2,921","535","471","300","-36","26","MX","0713334090",
"1","NOGALES, ARIZ.","1","Mexico","1.1.3.5","0713392150","PINTO BEANS 5/1","0","124","52","346","176","176","239","35","26","MX","0713392150",
"1","NOGALES, ARIZ.","1","Mexico","1.1.3.6","0713314000","MUNG BEANS 9/1","0","10","35","786","169","129","78","-40","26","MX","0713314000",
"1","NOGALES, ARIZ.","1","Mexico","1.1.3.7","0713332090","KD BNS OTHER","59","829","1,262","2,806","97","97","337","247","26","MX","0713332090",
"1","NOGALES, ARIZ.","1","Mexico","1.1.3.8","0713312000","MUNG BEANS 5/1","0","13","0","0","58","58","19","-66","26","MX","0713312000",
"1","NOGALES, ARIZ.","1","Mexico","1.1.3.9","0713392110","BLACK BEANS 5/1","169","40","134","418","46","46","22","-53","26","MX","0713392110",
"1","NOGALES, ARIZ.","1","Mexico","1.1.3.10","0713344000","BAMBR BEANS 9/1","0","0","3","0","0","0","0","","26","MX","0713344000",
"1","NOGALES, ARIZ.","1","Mexico","1.1.3.11","0713394110","BLACK BEANS 9/1","269","51","66","73","0","0","15","","26","MX","0713394110",
"1","NOGALES, ARIZ.","1","Mexico","1.1.3.12","0713394140","LIMA BEANS 9/1","0","0","0","31","0","0","0","","26","MX","0713394140",
"1","NOGALES, ARIZ.","1","Mexico","1.1.3.13","0713394160","WHITE BEANS 9/1","0","3","0","0","0","0","0","","26","MX","0713394160",
"1","NOGALES, ARIZ.","1","Mexico","1.1.3.14","0713502000","BRD & HRS BEANS","229","0","0","0","0","0","0","","26","MX","0713502000",
"1","NOGALES, ARIZ.","1","Mexico","1.1.3.15","0713606000","PGN PEA 5/1-8/31","0","82","0","0","0","0","0","","26","MX","0713606000",
"1","NOGALES, ARIZ.","1","Mexico","1.1.4","","Vegtbls,Prep or Pres","6,426","6,621","8,058","6,810","13,450","10,835","9,316","-14","26","MX","0760AT",
"1","NOGALES, ARIZ.","1","Mexico","1.1.4.1","2001903800","VEG NS PP/PS VNG","2,815","3,164","3,725","1,961","4,411","2,448","3,747","53","26","MX","2001903800",
"1","NOGALES, ARIZ.","1","Mexico","1.1.4.2","2005514040","BNS NES,SH/PR/PS","0","55","370","923","4,363","4,329","241","-94","26","MX","2005514040",
"1","NOGALES, ARIZ.","1","Mexico","1.1.4.3","2103909059","TOM BASD PRP NES","605","785","864","1,159","1,550","1,079","1,325","23","26","MX","2103909059",
"1","NOGALES, ARIZ.","1","Mexico","1.1.4.4","2001903500","PIMIENTOS,BRINE","445","1,071","1,181","902","1,197","1,197","773","-35","26","MX","2001903500",
"1","NOGALES, ARIZ.","1","Mexico","1.1.4.5","2005995020","PIMENTO,P/P<227G","0","8","49","295","735","711","184","-74","26","MX","2005995020",
"1","NOGALES, ARIZ.","1","Mexico","1.1.4.6","2005998500","CHCKPS,GARBA,P/P","698","404","407","776","370","337","479","42","26","MX","2005998500",
"1","NOGALES, ARIZ.","1","Mexico","1.1.4.7","2005999700","OTH VEG PRP/PRES","495","138","131","262","280","211","886","321","26","MX","2005999700",
"1","NOGALES, ARIZ.","1","Mexico","1.1.4.8","2001903000","BEANS,PKLD,BRINE","591","426","855","174","277","277","332","20","26","MX","2001903000",
"1","NOGALES, ARIZ.","1","Mexico","1.1.4.9","0711906500","VEG NES, PRV PRS","0","156","176","180","97","84","126","50","26","MX","0711906500",
"1","NOGALES, ARIZ.","1","Mexico","1.1.4.10","2103204020","TOMATO SAUCES NE","0","0","170","149","90","87","1,123","1,198","26","MX","2103204020",
"1","NOGALES, ARIZ.","1","Mexico","1.1.4.11","2005590000","BNS,N/SH,PR/PS","0","0","0","0","46","46","31","-33","26","MX","2005590000",
"1","NOGALES, ARIZ.","1","Mexico","1.1.4.12","2005992000","ONIONS,PREP,PRES","0","83","0","0","30","30","0","","26","MX","2005992000",
"1","NOGALES, ARIZ.","1","Mexico","1.1.4.13","2005200020","POTATO CHIPS","0","82","0","0","5","0","5","","26","MX","2005200020",
"1","NOGALES, ARIZ.","1","Mexico","1.1.4.14","0711400000","CUCUMB,PRES,INED","23","0","0","0","0","0","0","","26","MX","0711400000",
"1","NOGALES, ARIZ.","1","Mexico","1.1.4.15","2001100000","CUCUMBERS,BRINE","422","84","0","0","0","0","0","","26","MX","2001100000",
"1","NOGALES, ARIZ.","1","Mexico","1.1.4.16","2001902000","CAPERS P/P<=3.4K","0","4","0","0","0","0","0","","26","MX","2001902000",
"1","NOGALES, ARIZ.","1","Mexico","1.1.4.17","2002100080","OTH TOM,PP>1.4KG","79","0","0","0","0","0","0","","26","MX","2002100080",
"1","NOGALES, ARIZ.","1","Mexico","1.1.4.18","2002908040","TOM PUREE,>1,4KG","0","17","0","0","0","0","0","","26","MX","2002908040",
"1","NOGALES, ARIZ.","1","Mexico","1.1.4.19","2002908050","TOM,P/P,NES,OTH","236","37","129","27","0","0","64","","26","MX","2002908050",
"1","NOGALES, ARIZ.","1","Mexico","1.1.4.20","2005400000","PEAS,PREP,PRES","2","0","0","0","0","0","0","","26","MX","2005400000",
"1","NOGALES, ARIZ.","1","Mexico","1.1.4.21","2005800000","SW CORN,PRE,PRES","3","0","0","0","0","0","0","","26","MX","2005800000",
"1","NOGALES, ARIZ.","1","Mexico","1.1.4.22","2005995510","PEP/CAS/PP/OT","6","0","0","0","0","0","0","","26","MX","2005995510",
"1","NOGALES, ARIZ.","1","Mexico","1.1.4.23","2005995590","PEP/P/P OTHER","7","108","0","0","0","0","0","","26","MX","2005995590",
"1","NOGALES, ARIZ.","1","Mexico","1.1.5","","Dried Chickpeas","9,005","8,970","6,382","7,377","6,822","5,588","8,474","52","26","MX","0742AT",
"1","NOGALES, ARIZ.","1","Mexico","1.1.5.1","0713202090","CHICKPEAS, OTHER","8,779","8,970","6,382","7,234","6,678","5,555","8,409","51","26","MX","0713202090",
"1","NOGALES, ARIZ.","1","Mexico","1.1.5.2","0713202010","CHICKPEAS,KABULI","226","0","0","143","144","34","65","94","26","MX","0713202010",
"1","NOGALES, ARIZ.","1","Mexico","1.1.6","","Olives,Prep or Pres","0","0","0","0","18","18","66","272","26","MX","0746AT",
"1","NOGALES, ARIZ.","1","Mexico","1.1.6.1","0711204000","OLIVES,PITD/STFD","0","0","0","0","18","18","66","272","26","MX","0711204000",
"1","NOGALES, ARIZ.","1","Mexico","1.1.7","","Vegtbls,Dried/Dehydr","91","3","22","58","14","14","43","202","26","MX","0770AT",
"1","NOGALES, ARIZ.","1","Mexico","1.1.7.1","0712901000","CARROTS, DRIED","0","0","4","37","14","14","6","-59","26","MX","0712901000",
"1","NOGALES, ARIZ.","1","Mexico","1.1.7.2","0712907800","TOMATS,DRIED,OTH","85","0","0","0","0","0","0","","26","MX","0712907800",
"1","NOGALES, ARIZ.","1","Mexico","1.1.7.3","0712908580","VG NS & MX VG DR","0","0","8","13","0","0","0","","26","MX","0712908580",
"1","NOGALES, ARIZ.","1","Mexico","1.1.7.4","1106100000","FL & ML-DRY VEG","6","3","10","8","0","0","37","","26","MX","1106100000",
"1","NOGALES, ARIZ.","1","Mexico","1.2","","Fruits and Preparations","1,133,177","1,078,291","1,315,294","1,156,916","1,242,334","1,145,040","1,279,218","12","26","MX","0700AG",
"1","NOGALES, ARIZ.","1","Mexico","1.2.1","","Fresh Fruits, Decidi","504,075","408,216","587,959","500,848","539,203","539,203","619,227","15","26","MX","0705AT",
"1","NOGALES, ARIZ.","1","Mexico","1.2.1.1","0806104000","GPS,FR,4/1-6/30","500,936","399,934","553,326","473,227","518,833","518,833","581,332","12","26","MX","0806104000",
"1","NOGALES, ARIZ.","1","Mexico","1.2.1.2","0806106000","GPS,FR,7/1-2/14","2,725","8,217","34,085","27,207","15,977","15,977","37,549","135","26","MX","0806106000",
"1","NOGALES, ARIZ.","1","Mexico","1.2.1.3","0806102000","GPS,FR,2/15-3/31","0","0","0","49","4,324","4,324","187","-96","26","MX","0806102000",
"1","NOGALES, ARIZ.","1","Mexico","1.2.1.4","0809304010","PEACH,12/1-5/31","414","65","548","365","69","69","159","130","26","MX","0809304010",
"1","NOGALES, ARIZ.","1","Mexico","1.2.2","","Fresh Melons","288,498","286,887","341,018","299,191","321,561","261,996","297,604","14","26","MX","0715AT",
"1","NOGALES, ARIZ.","1","Mexico","1.2.2.1","0807114010","SLSWTM,4/1-11/30","174,326","183,952","224,396","196,580","209,327","183,991","200,824","9","26","MX","0807114010",
"1","NOGALES, ARIZ.","1","Mexico","1.2.2.2","0807113010","SLSWTM,12/1-3/31","43,858","42,443","45,900","45,850","46,800","32,798","38,475","17","26","MX","0807113010",
"1","NOGALES, ARIZ.","1","Mexico","1.2.2.3","0807197000","OT MEL,12/1-5/31","25,756","24,266","32,637","21,123","22,135","19,188","28,850","50","26","MX","0807197000",
"1","NOGALES, ARIZ.","1","Mexico","1.2.2.4","0807198000","OT MEL,6/1-11/30","22,476","20,015","16,674","15,778","20,484","13,895","17,002","22","26","MX","0807198000",
"1","NOGALES, ARIZ.","1","Mexico","1.2.2.5","0807192000","CANTL,9/16-7/31","20,786","14,803","20,463","16,941","18,894","8,406","11,133","32","26","MX","0807192000",
"1","NOGALES, ARIZ.","1","Mexico","1.2.2.6","0807114090","WTMLOTH4/1-11/30","579","1,293","802","2,741","3,303","3,198","1,131","-65","26","MX","0807114090",
"1","NOGALES, ARIZ.","1","Mexico","1.2.2.7","0807113090","WTMLOTH12/1-3/31","700","115","146","179","567","520","141","-73","26","MX","0807113090",
"1","NOGALES, ARIZ.","1","Mexico","1.2.2.8","0807195000","MLN-O,12/1-5/31","17","0","0","0","50","0","48","","26","MX","0807195000",
"1","NOGALES, ARIZ.","1","Mexico","1.2.3","","Fresh Fruit Other","275,393","283,866","298,382","260,646","272,228","257,676","265,453","3","26","MX","0710AT",
"1","NOGALES, ARIZ.","1","Mexico","1.2.3.1","0804506055","MANGO, 6/1-8/31","75,076","63,061","61,100","67,887","56,440","56,440","63,832","13","26","MX","0804506055",
"1","NOGALES, ARIZ.","1","Mexico","1.2.3.2","0804504055","MANGO, 9/1-5/31","58,244","62,306","57,902","39,612","49,491","49,404","61,246","24","26","MX","0804504055",
"1","NOGALES, ARIZ.","1","Mexico","1.2.3.3","0804400040","AVOC-HSLIKE","31,572","32,449","34,582","27,712","46,463","36,201","53,640","48","26","MX","0804400040",
"1","NOGALES, ARIZ.","1","Mexico","1.2.3.4","0810400029","CULT BLUEBR HIGB","54,847","55,739","50,891","43,120","40,880","40,821","32,783","-20","26","MX","0810400029",
"1","NOGALES, ARIZ.","1","Mexico","1.2.3.5","0810104000","STBRY, 9/16-5/31","13,609","17,919","27,991","21,770","21,642","21,642","0","","26","MX","0810104000",
"1","NOGALES, ARIZ.","1","Mexico","1.2.3.6","0804504045","MANGO, ORG IN","6,741","6,317","9,217","12,435","15,308","15,308","16,531","8","26","MX","0804504045",
"1","NOGALES, ARIZ.","1","Mexico","1.2.3.7","0804506045","MANGO, ORG OUT","4,632","4,151","6,413","10,601","11,898","11,898","10,403","-13","26","MX","0804506045",
"1","NOGALES, ARIZ.","1","Mexico","1.2.3.8","0803900025","BANANAS, ORGANIC","5,934","13,563","19,244","8,621","7,969","7,384","9,497","29","26","MX","0803900025",
"1","NOGALES, ARIZ.","1","Mexico","1.2.3.9","0810904600","FRUITS, FRS, NES","9,742","11,091","17,032","16,292","7,518","7,518","0","","26","MX","0810904600",
"1","NOGALES, ARIZ.","1","Mexico","1.2.3.10","0810201022","RSBRY, <5KG S-J","0","1,105","6,912","5,396","3,451","3,451","0","","26","MX","0810201022",
"1","NOGALES, ARIZ.","1","Mexico","1.2.3.11","0810904610","TOMATILLOS FR","0","0","0","0","2,601","197","7,426","3,664","26","MX","0810904610",
"1","NOGALES, ARIZ.","1","Mexico","1.2.3.12","0810209030","BLACKBERRIES, FR","2,007","3,735","3,191","2,357","2,145","2,145","0","","26","MX","0810209030",
"1","NOGALES, ARIZ.","1","Mexico","1.2.3.13","0804304000","PINEAPPLES,FR/DR","1,418","571","1,157","1,404","1,570","1,364","1,567","15","26","MX","0804304000",
"1","NOGALES, ARIZ.","1","Mexico","1.2.3.14","0804400020","ORG AVOC-HSLIKE","2,301","2,776","2,214","1,597","1,532","1,185","4,854","310","26","MX","0804400020",
"1","NOGALES, ARIZ.","1","Mexico","1.2.3.15","0810400024","FRSH WILD BLUEBR","0","0","0","1,071","1,501","1,501","701","-53","26","MX","0810400024",
"1","NOGALES, ARIZ.","1","Mexico","1.2.3.16","0810904690","FRUITS, FRS, NES","0","0","0","0","690","644","1,343","109","26","MX","0810904690",
"1","NOGALES, ARIZ.","1","Mexico","1.2.3.17","0803900035","BANANAS, FRESH","2,548","3,147","408","535","436","335","215","-36","26","MX","0803900035",
"1","NOGALES, ARIZ.","1","Mexico","1.2.3.18","0810104090","STBRY FR 9/","0","0","0","0","267","0","674","","26","MX","0810104090",
"1","NOGALES, ARIZ.","1","Mexico","1.2.3.19","0810400026","ORG CERT BLUEBR","3","74","96","91","221","221","0","","26","MX","0810400026",
"1","NOGALES, ARIZ.","1","Mexico","1.2.3.20","0810201028","RSBRY <5KG S-J","0","0","0","0","97","0","218","","26","MX","0810201028",
"1","NOGALES, ARIZ.","1","Mexico","1.2.3.21","0810209060","BLBRY NS","0","0","0","0","34","0","99","","26","MX","0810209060",
"1","NOGALES, ARIZ.","1","Mexico","1.2.3.22","0810209045","BLBRY ORG","0","0","0","0","30","0","0","","26","MX","0810209045",
"1","NOGALES, ARIZ.","1","Mexico","1.2.3.23","0810201023","RSBRY O <5KG S-J","0","0","0","0","22","0","130","","26","MX","0810201023",
"1","NOGALES, ARIZ.","1","Mexico","1.2.3.24","0807200000","PAPAYAS, FRESH","13","0","12","0","15","15","0","","26","MX","0807200000",
"1","NOGALES, ARIZ.","1","Mexico","1.2.3.25","0810201040","LGNBRY,9/1-6/30","0","0","0","0","5","0","0","","26","MX","0810201040",
"1","NOGALES, ARIZ.","1","Mexico","1.2.3.26","0804506080","GUAVAS, 6/1-8/31","0","0","0","0","2","2","223","10,108","26","MX","0804506080",
"1","NOGALES, ARIZ.","1","Mexico","1.2.3.27","0803101000","PLANTAINS, FRESH","7","168","0","0","0","0","0","","26","MX","0803101000",
"1","NOGALES, ARIZ.","1","Mexico","1.2.3.28","0804302000","PINEAPPLES FR/DR","179","3","0","0","0","0","0","","26","MX","0804302000",
"1","NOGALES, ARIZ.","1","Mexico","1.2.3.29","0804306000","PINEAP,REDUCED","1,083","697","0","0","0","0","23","","26","MX","0804306000",
"1","NOGALES, ARIZ.","1","Mexico","1.2.3.30","0804400090","AVOCADOS, OTHER","0","0","11","0","0","0","0","","26","MX","0804400090",
"1","NOGALES, ARIZ.","1","Mexico","1.2.3.31","0804504080","GUAVAS, 9/1-5/31","0","0","0","0","0","0","49","","26","MX","0804504080",
"1","NOGALES, ARIZ.","1","Mexico","1.2.3.32","0810201020","RSBRY,F,9/1-6/30","5,436","4,995","0","0","0","0","0","","26","MX","0810201020",
"1","NOGALES, ARIZ.","1","Mexico","1.2.3.33","0810400040","BERRIES,NESOI","0","0","0","97","0","0","0","","26","MX","0810400040",
"1","NOGALES, ARIZ.","1","Mexico","1.2.3.34","0810902760","OTHER BERRIES,FR","0","0","10","48","0","0","0","","26","MX","0810902760",
"1","NOGALES, ARIZ.","1","Mexico","1.2.4","","Fresh Fruits, Citrus","45,508","54,454","39,290","46,278","50,740","37,987","48,199","27","26","MX","0701AT",
"1","NOGALES, ARIZ.","1","Mexico","1.2.4.1","0805100040","ORANGES,FRESH","27,989","35,371","19,070","23,886","24,326","18,111","27,803","54","26","MX","0805100040",
"1","NOGALES, ARIZ.","1","Mexico","1.2.4.2","0805408000","GPFT-F,11/1-7/31","3,441","3,202","3,539","4,900","9,117","5,647","3,956","-30","26","MX","0805408000",
"1","NOGALES, ARIZ.","1","Mexico","1.2.4.3","0805503000","LIM,TAH/PR,FR/DR","7,793","7,810","7,637","6,990","6,318","5,319","5,853","10","26","MX","0805503000",
"1","NOGALES, ARIZ.","1","Mexico","1.2.4.4","0805502050","LEM, FR/DR","0","1,646","3,239","4,734","4,729","3,478","4,782","37","26","MX","0805502050",
"1","NOGALES, ARIZ.","1","Mexico","1.2.4.5","0805504000","LIMS,ARNTF,FR/DR","2,864","2,727","2,358","2,115","2,788","2,261","1,983","-12","26","MX","0805504000",
"1","NOGALES, ARIZ.","1","Mexico","1.2.4.6","0805210090","OTR MANDARINS","1,901","2,378","2,168","1,501","1,949","1,919","2,383","24","26","MX","0805210090",
"1","NOGALES, ARIZ.","1","Mexico","1.2.4.7","0805502010","LEM, FR/DR ORG","0","1,197","1,097","1,346","1,133","872","1,433","64","26","MX","0805502010",
"1","NOGALES, ARIZ.","1","Mexico","1.2.4.8","0805406000","GPFT 10/1-10/31","18","0","131","301","282","282","6","-98","26","MX","0805406000",
"1","NOGALES, ARIZ.","1","Mexico","1.2.4.9","0805210010","TANGERINES,FRESH","0","0","0","507","98","98","0","","26","MX","0805210010",
"1","NOGALES, ARIZ.","1","Mexico","1.2.4.10","0805100020","TEMPLES, FRESH","0","124","51","0","0","0","0","","26","MX","0805100020",
"1","NOGALES, ARIZ.","1","Mexico","1.2.4.11","0805502000","LEMONS, FRESH/DR","1,502","0","0","0","0","0","0","","26","MX","0805502000",
"1","NOGALES, ARIZ.","1","Mexico","1.2.5","","Fruit, Dried","11,934","32,473","35,448","36,407","45,801","36,222","34,102","-6","26","MX","0735AT",
"1","NOGALES, ARIZ.","1","Mexico","1.2.5.1","0804104000","DATES,WH/PIT/F/D","1,645","5,028","4,184","7,994","16,360","12,200","7,473","-39","26","MX","0804104000",
"1","NOGALES, ARIZ.","1","Mexico","1.2.5.2","0804508010","MANGOES, DRIED","5,603","21,821","26,540","17,434","12,346","10,467","10,526","1","26","MX","0804508010",
"1","NOGALES, ARIZ.","1","Mexico","1.2.5.3","0804102000","DATES WH,W/O PIT","17","754","1,602","5,712","6,727","5,173","6,730","30","26","MX","0804102000",
"1","NOGALES, ARIZ.","1","Mexico","1.2.5.4","0804106000","DATES WH,W/O PIT","2,673","2,670","1,470","3,468","6,647","5,116","6,683","31","26","MX","0804106000",
"1","NOGALES, ARIZ.","1","Mexico","1.2.5.5","0806201090","GRAPES DRIED NES","1,932","2,146","1,613","1,487","3,049","2,596","1,092","-58","26","MX","0806201090",
"1","NOGALES, ARIZ.","1","Mexico","1.2.5.6","0804206000","FIGS,WH,FRSH,DRD","0","0","0","302","483","483","0","","26","MX","0804206000",
"1","NOGALES, ARIZ.","1","Mexico","1.2.5.7","0803102000","PLANTAINS, DRIED","0","4","22","7","188","188","29","-84","26","MX","0803102000",
"1","NOGALES, ARIZ.","1","Mexico","1.2.5.8","0803900045","BANANAS, DRIED","57","46","3","0","0","0","0","","26","MX","0803900045",
"1","NOGALES, ARIZ.","1","Mexico","1.2.5.9","0804108000","DATES,NOT WHOLE","0","0","4","4","0","0","1,474","","26","MX","0804108000",
"1","NOGALES, ARIZ.","1","Mexico","1.2.5.10","0804508090","GUAVAS, DRIED","6","0","0","0","0","0","0","","26","MX","0804508090",
"1","NOGALES, ARIZ.","1","Mexico","1.2.5.11","0806201010","CURRNT,RAISIN NS","0","0","0","0","0","0","41","","26","MX","0806201010",
"1","NOGALES, ARIZ.","1","Mexico","1.2.5.12","0813202000","PRUNES DRIED NES","0","4","6","0","0","0","0","","26","MX","0813202000",
"1","NOGALES, ARIZ.","1","Mexico","1.2.5.13","2008992500","DATES,PREP/PRES","0","0","3","0","0","0","54","","26","MX","2008992500",
"1","NOGALES, ARIZ.","1","Mexico","1.2.6","","Fruit Juices","5,138","6,802","5,161","5,499","6,274","6,014","5,700","-5","26","MX","0740AT",
"1","NOGALES, ARIZ.","1","Mexico","1.2.6.1","2009110060","FZ OJ >3.78","603","1,037","2,122","2,590","2,702","2,687","1,286","-52","26","MX","2009110060",
"1","NOGALES, ARIZ.","1","Mexico","1.2.6.2","2009312020","LIME J,NS,NT CON","125","346","199","585","1,156","1,156","476","-59","26","MX","2009312020",
"1","NOGALES, ARIZ.","1","Mexico","1.2.6.3","2009122500","SSOJ NT FZ,NTCON","3,429","4,223","1,945","1,911","764","677","1,904","181","26","MX","2009122500",
"1","NOGALES, ARIZ.","1","Mexico","1.2.6.4","2009690040","GRAPE JU NES FZ","0","0","0","0","406","338","0","","26","MX","2009690040",
"1","NOGALES, ARIZ.","1","Mexico","1.2.6.5","2009396020","LEMON JU NES FRZ","127","0","0","51","363","363","0","","26","MX","2009396020",
"1","NOGALES, ARIZ.","1","Mexico","1.2.6.6","2009212000","GRPFT JU NTCON","309","272","330","124","339","334","434","30","26","MX","2009212000",
"1","NOGALES, ARIZ.","1","Mexico","1.2.6.7","2009314000","CTRS JU NS NT,CN","309","333","56","133","294","294","413","41","26","MX","2009314000",
"1","NOGALES, ARIZ.","1","Mexico","1.2.6.8","2009392000","LIME JU,UNFER OT","96","289","0","104","237","154","195","27","26","MX","2009392000",
"1","NOGALES, ARIZ.","1","Mexico","1.2.6.9","2009396060","CITRUS JUICE NES","0","0","17","0","13","13","45","258","26","MX","2009396060",
"1","NOGALES, ARIZ.","1","Mexico","1.2.6.10","2009290020","GRPFT JU, NES,FZ","140","301","360","0","0","0","129","","26","MX","2009290020",
"1","NOGALES, ARIZ.","1","Mexico","1.2.6.11","2009312040","LME J,BX<20,N,CN","0","0","0","0","0","0","666","","26","MX","2009312040",
"1","NOGALES, ARIZ.","1","Mexico","1.2.6.12","2009610060","GRP J B<20 C NFZ","0","0","133","0","0","0","0","","26","MX","2009610060",
"1","NOGALES, ARIZ.","1","Mexico","1.2.6.13","2009690060","GRP JU NES NT FZ","0","0","0","0","0","0","151","","26","MX","2009690060",
"1","NOGALES, ARIZ.","1","Mexico","1.2.7","","Fruit, Processed","1,572","4,690","5,449","5,086","5,503","5,072","8,361","65","26","MX","0725AT",
"1","NOGALES, ARIZ.","1","Mexico","1.2.7.1","2008994000","MANGOE,PREP,PRES","1,271","3,892","5,296","3,107","5,141","4,710","7,768","65","26","MX","2008994000",
"1","NOGALES, ARIZ.","1","Mexico","1.2.7.2","2008991000","AVOCADOS, PREP.","281","788","153","1,501","216","216","278","29","26","MX","2008991000",
"1","NOGALES, ARIZ.","1","Mexico","1.2.7.3","2008993500","LYCHEES,PRE,PRES","0","0","0","319","140","140","62","-56","26","MX","2008993500",
"1","NOGALES, ARIZ.","1","Mexico","1.2.7.4","2008979094","OTH FRUIT MIXTUR","0","0","0","0","6","6","0","","26","MX","2008979094",
"1","NOGALES, ARIZ.","1","Mexico","1.2.7.5","0812904000","PINEAP,PRES,INED","0","0","0","160","0","0","0","","26","MX","0812904000",
"1","NOGALES, ARIZ.","1","Mexico","1.2.7.6","2008200090","PINEAP,PR/PS,OTH","0","0","0","0","0","0","38","","26","MX","2008200090",
"1","NOGALES, ARIZ.","1","Mexico","1.2.7.7","2008600060","CHRRY,TART,PR/PS","0","0","0","0","0","0","214","","26","MX","2008600060",
"1","NOGALES, ARIZ.","1","Mexico","1.2.7.8","2008992140","BERRY OTH,PR/PRS","19","10","0","0","0","0","0","","26","MX","2008992140",
"1","NOGALES, ARIZ.","1","Mexico","1.2.8","","Fruit, Prep, Misc","845","147","233","1,531","520","456","211","-54","26","MX","0730AT",
"1","NOGALES, ARIZ.","1","Mexico","1.2.8.1","2007995020","MANGO PASTE/PURE","728","108","227","1,513","498","433","203","-53","26","MX","2007995020",
"1","NOGALES, ARIZ.","1","Mexico","1.2.8.2","2007997500","FRUIT JELLIES OT","0","0","0","16","22","22","8","-64","26","MX","2007997500",
"1","NOGALES, ARIZ.","1","Mexico","1.2.8.3","2007994500","JAMS, NESOI","112","36","0","0","0","0","0","","26","MX","2007994500",
"1","NOGALES, ARIZ.","1","Mexico","1.2.8.4","2008502000","APCT PULP,PR,PRS","0","3","0","0","0","0","0","","26","MX","2008502000",
"1","NOGALES, ARIZ.","1","Mexico","1.2.8.5","2008998000","FRUIT PULP NESOI","5","0","6","3","0","0","0","","26","MX","2008998000",
"1","NOGALES, ARIZ.","1","Mexico","1.2.9","","Fruit, Frozen","215","756","2,354","1,428","504","413","361","-13","26","MX","0720AT",
"1","NOGALES, ARIZ.","1","Mexico","1.2.9.1","0811908095","FRUIT NES & NUTS","0","0","1,017","1,345","381","336","251","-25","26","MX","0811908095",
"1","NOGALES, ARIZ.","1","Mexico","1.2.9.2","0811100070","STRBYS-FZ/OTHR","51","28","25","83","92","65","34","-47","26","MX","0811100070",
"1","NOGALES, ARIZ.","1","Mexico","1.2.9.3","0811905200","MANGOES,FZN","56","2","3","0","19","5","51","903","26","MX","0811905200",
"1","NOGALES, ARIZ.","1","Mexico","1.2.9.4","0811905000","PINEAPPLE,FZ,NSW","0","0","0","0","12","6","24","280","26","MX","0811905000",
"1","NOGALES, ARIZ.","1","Mexico","1.2.9.5","0811100060","STRBYS-FZ>25%SGR","0","170","0","0","0","0","0","","26","MX","0811100060",
"1","NOGALES, ARIZ.","1","Mexico","1.2.9.6","0811202025","RASPBERRIES, RED","32","0","0","0","0","0","0","","26","MX","0811202025",
"1","NOGALES, ARIZ.","1","Mexico","1.2.9.7","0811902028","CULT BLUEBR FRZ","40","0","0","0","0","0","0","","26","MX","0811902028",
"1","NOGALES, ARIZ.","1","Mexico","1.2.9.8","0811905500","MELONS,FROZEN","0","0","21","0","0","0","0","","26","MX","0811905500",
"1","NOGALES, ARIZ.","1","Mexico","1.2.9.9","0811908080","FRUIT NES & NUTS","35","556","1,288","0","0","0","0","","26","MX","0811908080",
"1","NOGALES, ARIZ.","1","Mexico","1.3","","Other Hort Products","322,235","411,727","510,124","479,725","848,171","687,190","1,003,629","46","26","MX","0779AG",
"1","NOGALES, ARIZ.","1","Mexico","1.3.1","","Beer","290,368","365,406","461,912","439,249","828,651","670,509","974,065","45","26","MX","0779AT",
"1","NOGALES, ARIZ.","1","Mexico","1.3.1.1","2203000060","BEER<4L X GL CON","93,131","194,377","182,326","220,734","460,557","378,793","461,980","22","26","MX","2203000060",
"1","NOGALES, ARIZ.","1","Mexico","1.3.1.2","2203000030","BEER< 4L GL CONT","192,712","171,029","279,564","218,506","368,084","291,716","512,065","76","26","MX","2203000030",
"1","NOGALES, ARIZ.","1","Mexico","1.3.1.3","2203000090","BEER>4L CONT","4,524","0","21","9","10","0","20","","26","MX","2203000090",
"1","NOGALES, ARIZ.","1","Mexico","1.3.2","","Miscellaneous Hort Products","19,605","18,309","24,619","16,793","12,336","11,037","14,180","28","26","MX","0799AT",
"1","NOGALES, ARIZ.","1","Mexico","1.3.2.1","2103909091","OTH SAUCE&PREP","1,557","3,001","3,522","4,286","6,163","5,517","9,413","71","26","MX","2103909091",
"1","NOGALES, ARIZ.","1","Mexico","1.3.2.2","1901208000","MX/DH,W/OBF/W,OT","2,125","2,364","6,749","4,341","3,159","2,884","1,579","-45","26","MX","1901208000",
"1","NOGALES, ARIZ.","1","Mexico","1.3.2.3","2103908000","OTHER MIX CONDIM","0","0","0","10","1,099","1,093","291","-73","26","MX","2103908000",
"1","NOGALES, ARIZ.","1","Mexico","1.3.2.4","2008999190","FRUIT NUT OTR","578","707","615","560","816","649","1,104","70","26","MX","2008999190",
"1","NOGALES, ARIZ.","1","Mexico","1.3.2.5","2202999000","BEVERAGES NONALC","407","473","607","296","498","411","0","","26","MX","2202999000",
"1","NOGALES, ARIZ.","1","Mexico","1.3.2.6","1212999200","VEGTBL PRDTS NES","886","471","452","338","408","353","116","-67","26","MX","1212999200",
"1","NOGALES, ARIZ.","1","Mexico","1.3.2.7","2104100060","SOUP,BROTH,DRIED","0","0","0","15","87","40","152","286","26","MX","2104100060",
"1","NOGALES, ARIZ.","1","Mexico","1.3.2.8","1211909300","PL PART PERF","184","61","0","233","50","50","0","","26","MX","1211909300",
"1","NOGALES, ARIZ.","1","Mexico","1.3.2.9","1302199140","VEG SAPS-MED USE","22","13","19","25","30","27","21","-23","26","MX","1302199140",
"1","NOGALES, ARIZ.","1","Mexico","1.3.2.10","2106909898","OTH N/HONEY/TEA","110","70","142","131","27","13","0","","26","MX","2106909898",
"1","NOGALES, ARIZ.","1","Mexico","1.3.2.11","1212940000","CHICORY ROOTS","0","0","10","0","0","0","0","","26","MX","1212940000",
"1","NOGALES, ARIZ.","1","Mexico","1.3.2.12","2103100000","SOY SAUCE","0","0","0","0","0","0","2","","26","MX","2103100000",
"1","NOGALES, ARIZ.","1","Mexico","1.3.2.13","2103907800","MIX CONDIM OTHER","12","3","13","0","0","0","0","","26","MX","2103907800",
"1","NOGALES, ARIZ.","1","Mexico","1.3.2.14","2104201000","HOMOGENIZED COMP","50","9","0","0","0","0","0","","26","MX","2104201000",
"1","NOGALES, ARIZ.","1","Mexico","1.3.2.15","2106909890","OTH FOOD PRP-CAN","15","0","0","0","0","0","0","","26","MX","2106909890",
"1","NOGALES, ARIZ.","1","Mexico","1.3.2.16","2106909895","FRZ FOOD PRP OTH","13,632","11,138","12,491","6,558","0","0","0","","26","MX","2106909895",
"1","NOGALES, ARIZ.","1","Mexico","1.3.2.17","2106909995","FRZ FOOD PRP OTH","0","0","0","0","0","0","1,033","","26","MX","2106909995",
"1","NOGALES, ARIZ.","1","Mexico","1.3.2.18","2106909998","OTH N/HONEY/TEA","0","0","0","0","0","0","7","","26","MX","2106909998",
"1","NOGALES, ARIZ.","1","Mexico","1.3.2.19","2202100060","WATERS INCL MINE","27","0","0","0","0","0","0","","26","MX","2202100060",
"1","NOGALES, ARIZ.","1","Mexico","1.3.2.20","2202999100","BEVERAGES NONALC","0","0","0","0","0","0","279","","26","MX","2202999100",
"1","NOGALES, ARIZ.","1","Mexico","1.3.2.21","2202999120","NONALC. BEV NES","0","0","0","0","0","0","182","","26","MX","2202999120",
"1","NOGALES, ARIZ.","1","Mexico","1.3.3","","Distilled Spirits","11,340","27,072","22,914","23,142","7,110","5,596","14,646","162","26","MX","0782AT",
"1","NOGALES, ARIZ.","1","Mexico","1.3.3.1","2208905000","TEQUILA IN CONTA","11,316","26,968","22,639","22,703","6,400","4,979","13,493","171","26","MX","2208905000",
"1","NOGALES, ARIZ.","1","Mexico","1.3.3.2","2208907200","MESCAL IN CONTAI","2","10","93","196","398","312","199","-36","26","MX","2208907200",
"1","NOGALES, ARIZ.","1","Mexico","1.3.3.3","2208700030","LIQUEURS <= LTRS","0","3","6","91","179","179","7","-96","26","MX","2208700030",
"1","NOGALES, ARIZ.","1","Mexico","1.3.3.4","2208907500","OTHER SPIRITUOUS","15","85","147","152","107","107","124","16","26","MX","2208907500",
"1","NOGALES, ARIZ.","1","Mexico","1.3.3.5","2208700060","LIQUEURS > LTRS","6","3","23","0","16","9","596","6,811","26","MX","2208700060",
"1","NOGALES, ARIZ.","1","Mexico","1.3.3.6","2208908000","UNDENATURED ETHY","0","0","7","0","10","10","0","","26","MX","2208908000",
"1","NOGALES, ARIZ.","1","Mexico","1.3.3.7","2208500030","GIN AND GENEVE C","0","2","0","0","0","0","0","","26","MX","2208500030",
"1","NOGALES, ARIZ.","1","Mexico","1.3.3.8","2208905500","TEQUILA IN CONTA","0","0","0","0","0","0","223","","26","MX","2208905500",
"1","NOGALES, ARIZ.","1","Mexico","1.3.3.9","2208908020","DISTL SPIRIT NES","0","0","0","0","0","0","4","","26","MX","2208908020",
"1","NOGALES, ARIZ.","1","Mexico","1.3.4","","Nsry Pdt Exc Cut Flo","870","642","498","540","61","43","710","1,547","26","MX","0790AT",
"1","NOGALES, ARIZ.","1","Mexico","1.3.4.1","0604906000","ORNMNTL FOLAG,OT","16","28","25","33","46","40","41","1","26","MX","0604906000",
"1","NOGALES, ARIZ.","1","Mexico","1.3.4.2","0602909090","OTH PLANTS,W/S","0","0","4","0","13","0","194","","26","MX","0602909090",
"1","NOGALES, ARIZ.","1","Mexico","1.3.4.3","0604903000","ORN FOLG/DRD,BLD","0","0","0","3","3","3","0","","26","MX","0604903000",
"1","NOGALES, ARIZ.","1","Mexico","1.3.4.4","0602200000","TR SH/B BR FT/NT","272","358","468","504","0","0","473","","26","MX","0602200000",
"1","NOGALES, ARIZ.","1","Mexico","1.3.4.5","0602904000","HERBACEOUS PERNS","581","253","0","0","0","0","0","","26","MX","0602904000",
"1","NOGALES, ARIZ.","1","Mexico","1.3.4.6","0604200080","FLGE,BRNCHS,ETC","0","0","0","0","0","0","2","","26","MX","0604200080",
"1","NOGALES, ARIZ.","1","Mexico","1.3.4.7","9808006000","PLANTS, US GOVT","0","4","0","0","0","0","0","","26","MX","9808006000",
"1","NOGALES, ARIZ.","1","Mexico","1.3.5","","Essential Oils","52","268","181","0","12","5","28","501","26","MX","0798AT",
"1","NOGALES, ARIZ.","1","Mexico","1.3.5.1","3301901050","OTHER OLEORESINS","0","0","0","0","12","5","8","67","26","MX","3301901050",
"1","NOGALES, ARIZ.","1","Mexico","1.3.5.2","3301195120","LIME OIL","52","0","0","0","0","0","0","","26","MX","3301195120",
"1","NOGALES, ARIZ.","1","Mexico","1.3.5.3","3302102000","MIXTURES <20%ALC","0","268","181","0","0","0","20","","26","MX","3302102000",
"1","NOGALES, ARIZ.","1","Mexico","1.3.6","","Wine & Wine Prdcts","0","30","0","0","0","0","0","","26","MX","0780AT",
"1","NOGALES, ARIZ.","1","Mexico","1.3.6.1","2204215040","RED>1.05<14%<2L","0","23","0","0","0","0","0","","26","MX","2204215040",
"1","NOGALES, ARIZ.","1","Mexico","1.3.6.2","2204215055","WWN>1.50<14%<2L","0","7","0","0","0","0","0","","26","MX","2204215055",
"1","NOGALES, ARIZ.","1","Mexico","1.4","","Tree Nuts And Preparations","7,505","8,097","3,413","3,554","3,545","3,051","2,941","-4","26","MX","0774AG",
"1","NOGALES, ARIZ.","1","Mexico","1.4.1","","Edible Tree Nuts","7,505","8,097","3,413","3,554","3,545","3,051","2,941","-4","26","MX","0775AT",
"1","NOGALES, ARIZ.","1","Mexico","1.4.1.1","2008199090","NUTS&OT SDS,P/PS","2,625","2,568","2,868","3,103","2,480","1,985","2,767","39","26","MX","2008199090",
"1","NOGALES, ARIZ.","1","Mexico","1.4.1.2","0802901500","PECAN,FR.DR.SHLD","0","0","0","0","859","859","0","","26","MX","0802901500",
"1","NOGALES, ARIZ.","1","Mexico","1.4.1.3","0801190140","COCO,OTH,SHL","68","262","368","151","129","129","171","33","26","MX","0801190140",
"1","NOGALES, ARIZ.","1","Mexico","1.4.1.4","0802901000","PECAN,FR,DR,N/SH","4,563","5,119","134","300","62","62","0","","26","MX","0802901000",
"1","NOGALES, ARIZ.","1","Mexico","1.4.1.5","0801120000","COCONUT ENDOCARP","164","65","13","0","13","13","0","","26","MX","0801120000",
"1","NOGALES, ARIZ.","1","Mexico","1.4.1.6","0801110000","COCONUT,DRIED","0","0","0","0","2","2","2","9","26","MX","0801110000",
"1","NOGALES, ARIZ.","1","Mexico","1.4.1.7","0801190120","COCONUT FR INSHL","0","53","30","0","0","0","0","","26","MX","0801190120",
"1","NOGALES, ARIZ.","1","Mexico","1.4.1.8","0811903000","COCONUT MEAT,FRZ","61","0","0","0","0","0","0","","26","MX","0811903000",
"1","NOGALES, ARIZ.","1","Mexico","1.4.1.9","1704901000","CNDY NUTS F/CONS","5","0","0","0","0","0","0","","26","MX","1704901000",
"1","NOGALES, ARIZ.","1","Mexico","1.4.1.10","2008191500","COCONUTS,PR,PRES","21","30","0","0","0","0","0","","26","MX","2008191500",
"1","NOGALES, ARIZ.","1","Mexico","2","","Livestock & Meats","256,045","278,504","282,140","328,026","300,053","232,915","197,125","-15","26","MX","0250GR",
"1","NOGALES, ARIZ.","1","Mexico","2.1","","Live Animals","199,731","221,124","211,953","238,861","191,630","146,932","100,905","-31","26","MX","0605AT",
"1","NOGALES, ARIZ.","1","Mexico","2.2","","Pork Fresh,Chill Etc","38,877","42,374","43,202","45,531","49,197","38,625","49,309","28","26","MX","0615AT",
"1","NOGALES, ARIZ.","1","Mexico","2.3","","Beef & Veal Frs,Chil","15,384","11,593","20,730","36,763","48,187","38,438","37,272","-3","26","MX","0610AT",
"1","NOGALES, ARIZ.","1","Mexico","2.4","","Other Meat Products","275","1,483","3,545","5,585","9,990","8,088","8,360","3","26","MX","0625AT",
"1","NOGALES, ARIZ.","1","Mexico","2.5","","Misc, Industrial Use","1,777","1,729","1,705","1,251","1,048","833","1,280","54","26","MX","0670AT",
"1","NOGALES, ARIZ.","1","Mexico","2.6","","Lamb Mutton,Goat,etc","0","201","695","0","0","0","0","","26","MX","0620AT",
"1","NOGALES, ARIZ.","1","Mexico","2.7","","Misc, Animal Feeds","0","0","311","34","0","0","0","","26","MX","0680AT",
"1","NOGALES, ARIZ.","1","Mexico","3","","Oilseeds & Products","52,454","73,990","61,303","93,683","80,359","66,563","96,360","45","26","MX","0050GR",
"1","NOGALES, ARIZ.","1","Mexico","4","","Grains & Feeds","41,438","47,580","51,415","61,439","50,193","41,959","64,384","53","26","MX","0010GR",
"1","NOGALES, ARIZ.","1","Mexico","5","","Sugar & Tropical Products","59,799","40,551","34,123","53,556","33,837","29,375","23,106","-21","26","MX","0450GR",
"1","NOGALES, ARIZ.","1","Mexico","6","","Dairy & Products","1,910","1,900","2,837","3,430","2,162","1,912","534","-72","26","MX","0300GR",
"1","NOGALES, ARIZ.","1","Mexico","7","","Planting Seeds","825","288","572","292","555","505","922","82","26","MX","0200GR",
"1","NOGALES, ARIZ.","1","Mexico","8","","Cotton, Linters & Waste","17","0","0","0","0","0","0","","26","MX","0100GR",
"1","NOGALES, ARIZ.","1","Mexico","9","","Tobacco & Products","342","0","0","0","0","0","0","","26","MX","0150GR",
"1","NOGALES, ARIZ.","1","Mexico","10","","Poultry & Products","9,222","7,968","8,688","4,541","0","0","0","","26","MX","0350GR",
"","Grand Total","","","","","","3,801,489","4,008,475","4,575,873","4,866,332","5,201,064","4,386,468","4,803,636","10",
"Notes:<br>
1. Data Source: U.S. Census Bureau Trade Data, U.S. Customs District Data<br>
2. FAS Totals include all Agricultural commodities and FAS selected NONAG commodity items."
"3. Product Group : FAS"